"A Ashish Reddy","[6]","[7]"
"A Chopra","[2, 7, 14, 1, 5]","[5, 9, 18, 4, 5]"
"A Flintoff","[21]","[15]"
"A Mishra","[1]","[5]"
"A Mukund","[15]","[16]"
"A Symonds","[0, 2, 22, 0, 7, 12, 1, 6, 1, 15, 3, 0, 5, 2, 0, 1]","[2, 5, 13, 0, 4, 9, 7, 7, 4, 9, 7, 1, 7, 7, 2, 2]"
"AA Bilakhia","[18, 1, 6]","[16, 5, 12]"
"AA Jhunjhunwala","[1, 0, 1, 3, 9, 6, 11]","[3, 0, 1, 6, 9, 8, 9]"
"AB Agarkar","[22]","[15]"
"AB Barath","[19]","[14]"
"AB McDonald","[31]","[19]"
"AB de Villiers","[14, 14, 8, 0, 4, 12, 10, 10, 2, 1, 8, 16, 10, 29, 21, 5, 1, 18, 10, 7, 24, 9, 1, 10, 1, 2, 23, 9, 6, 5, 21, 0, 7, 17, 1, 11, 5, 0, 7, 12, 10, 7, 5, 11, 12, 17, 0, 2, 0, 1, 0, 12, 0, 18, 6, 0, 3, 0, 0, 24, 5, 7, 0, 10, 0, 12, 34, 2, 21, 11, 11, 0, 1, 29, 39, 7, 12, 14, 1, 10, 17, 11, 12]","[11, 14, 6, 3, 8, 5, 6, 8, 3, 2, 3, 9, 8, 17, 12, 3, 2, 17, 7, 10, 18, 7, 1, 4, 2, 5, 15, 6, 4, 8, 17, 1, 12, 11, 2, 10, 9, 1, 8, 11, 13, 13, 10, 9, 11, 10, 3, 3, 5, 4, 1, 7, 3, 10, 4, 0, 2, 1, 0, 10, 2, 8, 1, 6, 0, 8, 25, 4, 14, 12, 8, 1, 3, 17, 17, 6, 7, 9, 3, 15, 7, 9, 10]"
"AC Blizzard","[6, 35, 15, 5, 34, 10, 0]","[6, 19, 10, 7, 21, 11, 3]"
"AC Gilchrist","[23, 9, 13, 48, 6, 19, 38, 39, 25, 15, 14, 23, 12, 5, 13, 46, 30, 45, 8, 29, 0, 15, 22, 11, 39, 34, 23, 13, 77, 0, 40, 43, 34, 25, 1, 0, 9, 19, 37, 11, 9, 0, 9, 10, 16, 4, 1, 19, 18, 30, 23, 28, 0, 0, 4, 19, 11, 9, 5, 22, 29, 7, 18, 5, 28, 26, 14, 15, 9, 0, 8, 23, 4, 37, 19, 23, 24, 25, 6, 5]","[17, 9, 9, 27, 6, 20, 25, 25, 17, 10, 17, 20, 12, 8, 11, 23, 18, 20, 5, 21, 1, 17, 17, 12, 18, 22, 13, 15, 26, 3, 25, 20, 13, 14, 3, 2, 5, 13, 20, 11, 10, 1, 5, 9, 20, 4, 3, 15, 17, 17, 21, 23, 2, 1, 8, 15, 17, 9, 9, 20, 19, 11, 14, 9, 23, 22, 13, 10, 6, 2, 13, 19, 3, 20, 17, 23, 12, 18, 3, 7]"
"AC Voges","[7]","[9]"
"AD Hales","[20, 43, 6, 14, 2, 33]","[18, 22, 5, 10, 9, 18]"
"AD Mascarenhas","[0, 4]","[0, 2]"
"AD Mathews","[7, 2, 0, 1]","[5, 8, 2, 2]"
"AD Nath","[1, 11]","[3, 9]"
"AD Russell","[4, 0, 23]","[3, 1, 9]"
"AG Paunikar","[0, 21, 6, 13, 16]","[1, 19, 8, 18, 15]"
"AJ Finch","[2, 7, 32, 13, 25, 3, 0, 3, 5, 12, 6, 20, 15, 8, 17, 16, 2, 21, 14, 23, 19, 41, 20, 8, 14, 0, 0, 33, 17, 30, 0, 39, 16, 28, 18, 13, 17, 16, 33, 5, 10, 16, 14, 2, 20, 20, 19, 18, 13, 7, 6, 28, 20, 8, 6, 9, 10, 35, 38, 18, 0, 6, 1, 7, 0, 5]","[3, 4, 15, 12, 9, 7, 1, 4, 3, 7, 6, 22, 15, 7, 16, 12, 9, 16, 12, 18, 13, 26, 16, 9, 16, 1, 2, 27, 14, 20, 1, 25, 13, 21, 15, 12, 9, 12, 18, 5, 11, 13, 12, 5, 15, 16, 12, 15, 8, 8, 8, 24, 17, 8, 5, 14, 14, 25, 26, 17, 4, 6, 2, 7, 2, 6]"
"AL Menaria","[2, 6, 0]","[3, 4, 1]"
"AM Nayar","[0, 11, 8, 15, 1, 1, 3, 4, 25, 6, 1]","[1, 9, 8, 11, 4, 1, 8, 3, 20, 8, 3]"
"AM Rahane","[41, 19, 11, 0, 26, 3, 27, 20, 6, 4, 11, 21, 0, 13, 25, 25, 13, 13, 39, 35, 18, 14, 12, 5, 9, 4, 23, 4, 19, 29, 21, 20, 0, 22, 5, 20, 37, 13, 40, 34, 28, 2, 0, 19, 8, 32, 17, 4, 0, 2, 0, 6, 0, 17, 1, 4, 1, 15, 8, 37, 0, 22, 19, 29, 17, 15, 12, 14, 37, 6, 0, 14, 16, 6, 15, 11, 19, 14, 4, 23, 14, 16, 1, 2, 6, 21, 14, 18, 9, 5, 12, 13, 21, 20, 13, 15, 24, 22, 13, 31, 0, 22, 26, 22, 4, 27, 17, 25, 29, 30, 19, 19, 23, 8, 23, 29, 19, 31, 21, 9, 20, 23, 0, 24, 5, 25, 24, 0, 3, 15, 19]","[22, 14, 10, 3, 18, 7, 22, 19, 8, 4, 9, 18, 1, 15, 22, 19, 11, 14, 22, 17, 13, 17, 13, 7, 10, 3, 17, 6, 14, 21, 14, 20, 2, 18, 7, 12, 20, 12, 25, 21, 19, 4, 1, 14, 10, 19, 17, 11, 3, 4, 7, 12, 1, 15, 5, 7, 4, 10, 9, 24, 4, 20, 15, 19, 11, 10, 15, 17, 23, 7, 3, 14, 13, 7, 19, 10, 14, 11, 10, 16, 13, 13, 9, 7, 10, 15, 13, 15, 10, 8, 17, 14, 17, 19, 8, 12, 20, 19, 10, 22, 3, 19, 20, 23, 8, 20, 16, 21, 19, 17, 13, 14, 15, 6, 17, 16, 18, 18, 17, 11, 17, 21, 5, 24, 6, 19, 15, 3, 6, 16, 15]"
"AN Ghosh","[7]","[7]"
"AP Majumdar","[13, 9]","[7, 8]"
"AP Tare","[19, 2, 0, 26, 11, 12, 1, 19, 22, 7, 25, 0, 22, 24, 23, 12, 8, 7, 12]","[18, 6, 1, 15, 8, 12, 3, 13, 12, 7, 19, 1, 18, 18, 19, 12, 8, 10, 14]"
"AR Patel","[6, 0, 2, 0, 1, 4]","[3, 0, 3, 0, 2, 5]"
"AS Raut","[7]","[6]"
"AT Rayudu","[0, 7, 5, 22, 33, 18, 12, 31, 32, 25, 12, 19, 30, 1, 0, 12, 5, 1, 0, 5, 12, 0, 4, 0, 21, 10, 8, 2, 2, 8, 9, 0, 33, 0, 16, 16, 1, 13, 9, 0, 6, 10, 18, 0, 6, 2, 2, 1, 7, 3, 8, 8, 24, 10, 7, 9, 9, 7, 8, 4, 12, 13, 12, 0, 1, 1, 2, 2, 22, 19, 20, 15, 33, 2, 6, 23, 0]","[3, 12, 9, 16, 16, 12, 8, 18, 22, 15, 9, 16, 16, 3, 1, 20, 5, 8, 1, 7, 11, 3, 7, 3, 14, 7, 9, 3, 6, 5, 8, 0, 18, 3, 11, 15, 5, 13, 12, 0, 6, 13, 13, 4, 10, 8, 8, 2, 6, 9, 7, 13, 18, 8, 5, 6, 10, 5, 5, 6, 14, 11, 11, 2, 7, 4, 1, 6, 17, 14, 13, 11, 19, 4, 6, 21, 3]"
"AUK Pathan","[15]","[6]"
"Abdul Samad","[2]","[2]"
"Anirudh Singh","[20]","[22]"
"Ankit Sharma","[27]","[23]"
"Azhar Mahmood","[8, 0, 1, 15, 0]","[3, 1, 4, 12, 4]"
"B Chipli","[9, 3, 10, 4, 12, 4, 1, 20]","[12, 11, 7, 3, 15, 10, 6, 15]"
"BA Stokes","[0, 0, 28, 16, 7, 1, 11, 5, 16, 17, 19, 19, 50, 30, 25]","[0, 1, 22, 12, 11, 1, 7, 6, 16, 21, 12, 11, 26, 15, 21]"
"BB McCullum","[23, 6, 29, 29, 26, 34, 6, 3, 9, 23, 1, 38, 0, 4, 15, 0, 6, 49, 5, 25, 1, 1, 22, 5, 3, 0, 7, 36, 7, 12, 22, 52, 9, 2, 0, 6, 20, 36, 0, 28, 25, 21, 0, 13, 45, 2, 23, 26, 32, 19, 10, 2, 17, 10, 12, 2, 24, 26, 14, 1, 11, 16, 6, 47, 9, 7, 28, 23, 15, 21, 12, 14, 6, 19, 19, 0, 4, 27, 38, 37, 12, 8, 26, 21, 12, 20, 23, 20, 11, 6, 0, 24, 6, 16, 38, 30, 35, 1, 1, 4, 10, 12, 12, 38, 1, 22]","[15, 10, 17, 22, 21, 16, 6, 6, 8, 12, 3, 20, 1, 4, 16, 0, 4, 22, 5, 12, 2, 3, 17, 10, 6, 1, 15, 28, 4, 17, 19, 21, 4, 3, 4, 7, 23, 18, 1, 25, 18, 16, 4, 8, 22, 9, 17, 23, 12, 18, 8, 4, 18, 9, 21, 8, 18, 18, 15, 5, 17, 21, 7, 27, 10, 11, 17, 19, 12, 18, 11, 11, 3, 13, 13, 0, 2, 21, 14, 16, 7, 6, 21, 14, 5, 15, 11, 15, 21, 6, 2, 11, 4, 14, 17, 16, 17, 3, 4, 12, 15, 13, 5, 19, 4, 19]"
"BB Samantray","[7, 9]","[9, 13]"
"BJ Haddin","[18]","[11]"
"BJ Hodge","[1, 1, 11, 4, 3, 11, 18, 8, 4, 0, 3, 0, 5, 16, 23, 0, 9, 2, 4, 1, 9, 29]","[3, 3, 12, 5, 3, 9, 16, 16, 6, 3, 8, 2, 4, 12, 19, 2, 11, 6, 7, 3, 7, 12]"
"BJ Rohrer","[0]","[1]"
"BMAJ Mendis","[1]","[2]"
"BR Dunk","[21, 5, 18]","[18, 4, 14]"
"C Madan","[22]","[21]"
"C Munro","[4, 0, 32, 26, 0, 32, 15, 10, 18]","[6, 0, 15, 16, 1, 18, 14, 8, 14]"
"C de Grandhomme","[1]","[2]"
"CA Ingram","[7, 1, 11, 0]","[6, 2, 10, 0]"
"CA Lynn","[29, 34, 49, 41, 29, 6, 4, 5, 22, 29, 23, 0, 22, 5, 24, 12, 21, 21, 27, 17, 29, 16, 25, 7, 10, 17, 35, 29, 1, 38, 1, 24, 0, 23, 47, 40, 13, 18, 0, 16]","[15, 23, 20, 19, 13, 2, 8, 8, 16, 16, 18, 2, 17, 6, 20, 6, 13, 15, 17, 14, 19, 16, 14, 11, 10, 14, 20, 20, 5, 26, 2, 17, 3, 18, 22, 22, 14, 14, 5, 13]"
"CA Pujara","[15, 18, 22, 10, 12, 6, 19, 18, 5, 22, 13, 12, 19, 9, 12, 22]","[16, 12, 14, 11, 13, 9, 20, 18, 14, 19, 10, 15, 17, 8, 20, 20]"
"CH Gayle","[28, 7, 14, 17, 11, 10, 0, 0, 33, 47, 33, 35, 15, 29, 8, 2, 21, 18, 18, 0, 12, 21, 28, 6, 16, 26, 48, 34, 32, 24, 4, 14, 9, 9, 1, 14, 30, 30, 10, 35, 47, 13, 27, 7, 17, 17, 20, 27, 5, 15, 14, 36, 7, 1, 25, 23, 42, 31, 46, 29, 38, 0, 22, 12, 44, 0, 2, 7, 8, 26, 24, 15, 16, 10, 23, 51, 6, 10, 27, 6, 11, 24, 5, 16, 23, 51, 21, 36, 15, 4, 13, 4, 12, 36, 31, 20, 27, 35, 4, 18, 22, 6, 15, 6, 27, 21, 13, 25, 44, 10, 24, 53, 14, 19, 36, 1, 33, 13, 2, 0, 7, 5, 7, 43, 37, 1, 17]","[20, 9, 19, 11, 15, 12, 2, 1, 25, 22, 19, 22, 15, 21, 11, 2, 17, 14, 11, 2, 16, 14, 20, 8, 14, 15, 23, 22, 17, 11, 3, 14, 15, 5, 2, 11, 19, 14, 12, 20, 32, 12, 20, 7, 17, 20, 13, 16, 7, 10, 8, 17, 4, 3, 15, 11, 21, 22, 17, 16, 12, 7, 14, 9, 20, 3, 8, 7, 9, 20, 22, 12, 12, 15, 19, 24, 8, 17, 10, 12, 6, 14, 11, 12, 18, 17, 16, 17, 18, 10, 14, 7, 17, 17, 14, 7, 17, 16, 7, 18, 23, 18, 20, 9, 19, 16, 24, 17, 28, 4, 12, 23, 13, 15, 11, 5, 28, 20, 5, 3, 7, 6, 13, 24, 21, 4, 14]"
"CH Morris","[18]","[7]"
"CJ Anderson","[1, 10, 5, 12, 2, 21, 0, 0, 5]","[4, 8, 6, 11, 9, 10, 4, 4, 8]"
"CJ Ferguson","[6, 1, 10]","[10, 3, 11]"
"CL White","[1, 0, 0, 7, 4, 0, 0, 0, 0, 5, 16, 18, 2, 1, 25, 16, 0, 2, 4, 0, 13]","[2, 1, 2, 10, 11, 2, 0, 1, 1, 7, 11, 12, 4, 5, 16, 17, 1, 3, 3, 1, 10]"
"CM Gautam","[2, 24, 28, 9, 1, 10, 4]","[3, 17, 18, 8, 3, 10, 5]"
"D Padikkal","[24, 29, 5, 21, 1, 36, 4, 20, 22, 19, 39, 24, 23, 18, 1]","[16, 17, 8, 14, 2, 20, 6, 17, 22, 13, 28, 18, 21, 11, 6]"
"DA Miller","[2, 7, 4, 6, 1, 0, 13, 0, 2, 5, 7, 15, 0, 5]","[3, 6, 1, 8, 1, 4, 10, 1, 5, 6, 10, 5, 1, 8]"
"DA Warner","[17, 32, 27, 22, 10, 5, 21, 27, 63, 30, 20, 6, 17, 16, 36, 53, 27, 10, 17, 13, 13, 51, 45, 27, 22, 44, 28, 32, 9, 8, 0, 14, 4, 55, 9, 27, 6, 16, 32, 27, 19, 3, 3, 26, 35, 21, 24, 5, 15, 0, 6, 33, 34, 47, 4, 16, 0, 6, 32, 0, 5, 1, 11, 44, 24, 35, 10, 3, 4, 14, 1, 16, 8, 21, 54, 23, 8, 15, 15, 29, 14, 3, 22, 14, 25, 0, 17, 1, 0, 6, 11, 0, 5, 9, 3, 14, 9, 0, 1, 10, 14, 0, 22, 57, 5, 15, 49, 22, 31, 28, 9, 46, 60, 5, 29, 18, 30, 29, 6, 44, 16, 25, 51, 44, 0, 35, 25, 38, 12, 33, 34, 36, 18, 22, 28]","[9, 17, 21, 16, 18, 7, 17, 15, 26, 21, 19, 6, 16, 15, 23, 28, 16, 11, 14, 18, 18, 26, 22, 24, 15, 26, 21, 19, 6, 13, 1, 17, 4, 26, 13, 22, 6, 15, 21, 21, 18, 4, 4, 14, 19, 26, 14, 7, 9, 1, 8, 18, 15, 27, 8, 12, 5, 11, 15, 2, 4, 3, 13, 26, 23, 22, 12, 7, 8, 15, 2, 12, 12, 10, 22, 19, 9, 9, 9, 19, 7, 7, 20, 15, 19, 4, 15, 4, 1, 8, 15, 4, 6, 5, 6, 13, 12, 2, 2, 10, 11, 0, 17, 26, 3, 10, 23, 15, 20, 22, 7, 26, 23, 4, 19, 16, 19, 20, 5, 19, 14, 24, 27, 20, 4, 21, 18, 22, 15, 19, 23, 28, 16, 18, 22]"
"DB Das","[30, 5, 1, 0, 12, 12]","[21, 8, 3, 1, 8, 14]"
"DB Ravi Teja","[10, 1, 3, 26, 16]","[7, 6, 9, 22, 16]"
"DJ Bravo","[17, 8, 2, 1, 34, 1, 5, 14, 4, 6, 2, 9, 12, 19, 1]","[12, 8, 8, 1, 24, 3, 8, 10, 1, 2, 3, 7, 10, 18, 1]"
"DJ Harris","[15, 19, 18, 13]","[14, 17, 20, 15]"
"DJ Hooda","[1, 1, 0]","[7, 1, 3]"
"DJ Hussey","[2, 0, 0, 1, 11, 4, 5, 15, 8, 3, 2, 3, 5, 4, 1, 3, 13, 21, 32, 6, 1]","[6, 1, 3, 5, 6, 9, 2, 6, 6, 4, 4, 5, 2, 3, 1, 6, 13, 13, 15, 4, 5]"
"DJ Jacobs","[1, 24, 6, 32, 16, 12, 1]","[6, 17, 14, 20, 16, 10, 10]"
"DJ Thornely","[5, 0, 1, 3]","[6, 0, 6, 9]"
"DJG Sammy","[9]","[6]"
"DJM Short","[5, 6, 12, 13, 11, 2, 9]","[5, 3, 16, 19, 12, 2, 6]"
"DPMD Jayawardene","[14, 26, 1, 5, 2, 1, 6, 1, 48, 21, 31, 27, 17, 22, 2, 22, 16, 24, 14, 5, 12, 0, 36, 6, 6, 7, 20, 30, 6, 0, 3, 8, 7, 3, 13, 31, 22, 0, 4, 13, 7, 20, 7, 17, 6, 11, 16, 19, 4, 19]","[10, 11, 1, 3, 3, 3, 2, 4, 21, 17, 18, 21, 16, 9, 3, 13, 11, 21, 14, 8, 13, 2, 18, 3, 5, 7, 15, 23, 5, 3, 7, 10, 8, 6, 10, 17, 16, 2, 7, 14, 12, 13, 14, 18, 9, 12, 12, 13, 4, 14]"
"DR Martyn","[1]","[3]"
"DR Smith","[32, 1, 1, 9, 44, 8, 27, 19, 38, 27, 40, 8, 34, 27, 6, 17, 15, 17, 0, 22, 43, 20, 4, 23, 19, 44, 23, 24, 16, 28, 5, 16, 34, 10, 5, 40, 34, 25, 11, 38, 22, 0, 53, 22, 16, 26, 22, 23, 0, 21, 6, 5, 0, 18, 21, 34, 41, 37, 16, 16, 1, 32, 7, 0, 11]","[20, 3, 4, 4, 25, 8, 20, 12, 14, 22, 23, 12, 27, 21, 14, 18, 20, 26, 1, 18, 18, 18, 4, 13, 18, 26, 20, 17, 11, 18, 5, 19, 25, 15, 6, 24, 17, 18, 12, 22, 20, 1, 24, 20, 16, 13, 16, 20, 6, 25, 10, 15, 4, 12, 24, 22, 20, 23, 17, 14, 9, 19, 6, 1, 8]"
"DS Lehmann","[5]","[3]"
"DT Christian","[2]","[4]"
"E Lewis","[0, 30, 43, 47, 0, 5, 11, 10, 32, 18, 25, 11, 39, 12, 15]","[2, 18, 18, 26, 1, 9, 11, 13, 18, 13, 19, 8, 21, 13, 15]"
"EJG Morgan","[9, 10, 0, 4, 1, 1, 20, 5, 0, 28, 17, 16, 8, 2, 15, 0, 0, 2, 7, 10, 7, 0]","[10, 8, 0, 4, 11, 2, 12, 7, 0, 15, 18, 15, 8, 5, 16, 0, 5, 5, 9, 15, 9, 2]"
"ER Dwivedi","[6]","[6]"
"F du Plessis","[7, 9, 25, 27, 14, 3, 11, 27, 3, 7, 24, 26, 10, 1, 13, 27, 6, 37, 26, 10, 17, 35, 25, 33, 26, 1, 9, 0, 10, 10, 25, 0, 4, 24, 16, 41, 35, 24, 32, 29, 3, 19, 10, 6, 19, 28, 35, 0, 13, 21, 1, 5, 0, 7, 18, 29, 5, 26, 21, 26, 2, 4, 15]","[4, 10, 19, 15, 15, 6, 11, 14, 8, 10, 16, 19, 16, 7, 21, 19, 11, 25, 13, 11, 10, 19, 20, 18, 21, 7, 11, 1, 9, 6, 13, 3, 3, 17, 13, 24, 26, 17, 17, 20, 4, 13, 12, 7, 11, 16, 18, 1, 7, 11, 1, 3, 0, 6, 13, 17, 11, 19, 12, 16, 3, 9, 13]"
"FY Fazal","[33, 5, 3, 0, 15, 15, 2, 17]","[24, 7, 6, 2, 10, 15, 3, 15]"
"G Gambhir","[44, 19, 38, 17, 15, 11, 15, 15, 20, 11, 29, 2, 22, 34, 8, 35, 15, 8, 4, 8, 31, 12, 18, 28, 24, 1, 21, 27, 10, 37, 39, 42, 19, 15, 17, 0, 16, 8, 10, 14, 22, 15, 23, 12, 8, 8, 27, 30, 0, 24, 9, 1, 9, 1, 22, 33, 16, 11, 4, 31, 19, 3, 3, 8, 12, 5, 16, 7, 15, 10, 6, 15, 0, 35, 12, 22, 36, 21, 34, 22, 44, 34, 0, 36, 24, 10, 32, 2, 23, 21, 30, 21, 29, 27, 22, 8, 14, 0, 14, 0, 37, 16, 18, 11, 1, 1, 0, 1, 27, 8, 22, 25, 14, 12, 6, 10, 4, 30, 1, 25, 10, 27, 20, 10, 27, 6, 13, 0, 14, 33, 20, 19, 1, 16, 25, 13, 15, 11, 26, 6, 19, 27, 5, 0, 30, 8, 13, 17]","[23, 13, 18, 18, 12, 11, 12, 15, 20, 11, 19, 7, 17, 21, 12, 22, 16, 7, 10, 16, 21, 9, 14, 19, 17, 9, 15, 16, 7, 21, 27, 23, 9, 17, 14, 1, 19, 6, 10, 14, 18, 13, 24, 14, 11, 8, 19, 20, 5, 16, 8, 2, 7, 1, 15, 15, 7, 16, 7, 15, 18, 5, 5, 6, 12, 2, 19, 9, 15, 7, 9, 13, 1, 15, 12, 13, 17, 20, 18, 22, 23, 19, 2, 21, 16, 12, 16, 4, 13, 20, 18, 15, 13, 20, 12, 6, 8, 0, 16, 2, 24, 16, 18, 15, 9, 5, 1, 5, 23, 6, 12, 17, 13, 13, 10, 15, 4, 18, 3, 18, 15, 22, 17, 13, 18, 9, 11, 1, 10, 21, 16, 15, 3, 15, 22, 17, 15, 5, 21, 8, 17, 24, 6, 1, 21, 8, 11, 15]"
"GC Smith","[22, 21, 2, 22, 5, 18, 10, 20, 24, 31, 20, 3, 10, 4, 15, 2, 0, 30, 20, 14, 1, 19, 1, 26, 18, 0, 24, 12, 6]","[12, 17, 7, 21, 9, 20, 17, 16, 24, 19, 19, 12, 14, 8, 16, 5, 2, 14, 22, 15, 3, 18, 5, 21, 14, 1, 24, 14, 12]"
"GH Vihari","[7, 2, 19, 2, 4, 1, 5, 4, 9, 1, 9]","[9, 9, 20, 3, 8, 1, 7, 4, 15, 8, 8]"
"GJ Bailey","[22, 15, 7, 1, 9, 1, 18, 15, 1, 2, 12, 14, 6, 7, 8]","[17, 12, 14, 2, 6, 2, 12, 11, 1, 2, 7, 19, 10, 9, 7]"
"GJ Maxwell","[10, 0, 1, 1, 17, 10, 12, 2, 25, 1, 1, 0, 23, 0, 29, 22, 13, 0, 7, 1, 4, 1, 1, 0, 7, 12, 1, 12, 1, 10, 5, 8, 11]","[12, 2, 1, 4, 12, 6, 10, 3, 19, 1, 1, 1, 17, 3, 15, 11, 7, 0, 6, 1, 1, 2, 3, 0, 5, 5, 1, 9, 5, 10, 6, 6, 9]"
"Gurkeerat Singh","[6, 8, 4, 13, 5, 1]","[3, 8, 7, 14, 4, 3]"
"H Klaasen","[7, 7]","[7, 7]"
"HH Gibbs","[6, 22, 10, 11, 6, 22, 19, 5, 9, 13, 13, 25, 23, 0, 9, 1, 2, 12, 16, 16, 51, 1, 8, 0, 1, 6, 19, 28, 29, 31, 17, 12, 3, 24, 4, 15]","[6, 19, 10, 12, 8, 15, 17, 7, 10, 10, 7, 21, 17, 4, 10, 3, 6, 11, 15, 18, 23, 3, 15, 0, 2, 10, 15, 15, 16, 23, 15, 10, 11, 21, 7, 25]"
"HH Pandya","[7, 2, 2, 7, 14, 0, 2, 2]","[2, 2, 2, 10, 13, 1, 6, 7]"
"HM Amla","[20, 27, 17, 19, 0, 20, 32, 16, 1, 31, 0, 21, 0, 33, 9, 28]","[15, 15, 13, 12, 1, 14, 18, 20, 3, 19, 2, 20, 5, 18, 6, 25]"
"Harbhajan Singh","[5, 7, 32, 13, 7, 5]","[5, 8, 23, 7, 7, 4]"
"IK Pathan","[6, 1, 32, 0, 30, 12, 11, 1]","[3, 1, 16, 3, 20, 15, 4, 7]"
"IR Jaggi","[6, 0, 16, 3, 1]","[8, 4, 15, 9, 1]"
"Ishan Kishan","[16, 41, 32, 14, 31, 34, 7, 13, 0, 15, 0, 0, 1, 20, 6, 1, 12, 0, 0, 23, 8, 7, 36, 22, 0, 31, 15]","[11, 28, 24, 12, 24, 16, 5, 9, 1, 16, 3, 1, 3, 12, 13, 2, 9, 4, 4, 15, 8, 7, 22, 20, 1, 25, 14]"
"J Arunkumar","[23, 2, 0]","[18, 3, 3]"
"J Botha","[6, 8, 0, 6, 1, 2, 2, 23]","[9, 6, 2, 7, 1, 6, 6, 17]"
"JA Morkel","[1, 5, 14]","[1, 3, 10]"
"JC Archer","[0]","[4]"
"JC Buttler","[38, 21, 15, 2, 14, 41, 35, 17, 10, 31, 1, 68, 34, 46, 40, 19, 37, 43, 6, 6, 33, 18, 23, 22, 29, 13, 25, 16, 16, 22, 5, 7, 2, 22, 0, 11, 2, 4]","[18, 16, 11, 5, 11, 17, 20, 13, 9, 17, 4, 25, 20, 23, 21, 16, 16, 22, 9, 7, 19, 21, 10, 16, 20, 8, 16, 13, 15, 12, 8, 4, 7, 9, 2, 14, 2, 6]"
"JD Ryder","[0, 0, 32, 2, 20, 18, 18, 41, 14, 17, 20, 29, 18, 0, 16, 35, 18, 1, 10, 8, 32, 32, 9, 33, 0, 7, 8, 1, 24]","[2, 1, 21, 5, 13, 10, 11, 18, 16, 11, 13, 18, 12, 1, 18, 19, 14, 6, 9, 12, 20, 19, 10, 15, 2, 6, 11, 2, 19]"
"JEC Franklin","[6, 12, 18, 21, 25, 1, 1]","[8, 16, 19, 19, 19, 9, 6]"
"JH Kallis","[9, 10, 6, 30, 0, 12, 32, 5, 26, 15, 16, 0, 14, 7, 38, 12, 12, 26, 1, 14, 5, 9, 17, 13, 33, 34, 30, 20, 22, 26, 9, 24, 25, 8, 12, 0, 14, 11, 20, 32, 27, 28, 0, 6, 29, 11, 1, 19, 27, 9, 17, 13, 7, 4, 6, 25, 17, 1, 13, 21, 0, 6, 0, 11, 19, 1, 12, 1, 0, 18, 20, 12, 3, 20, 1, 15, 4, 2, 7, 1, 19, 9, 3, 4]","[7, 8, 4, 22, 3, 17, 23, 5, 20, 14, 12, 1, 12, 4, 21, 15, 10, 27, 2, 18, 7, 7, 17, 14, 21, 24, 19, 17, 20, 20, 10, 17, 16, 11, 17, 3, 15, 9, 27, 19, 21, 19, 2, 9, 24, 11, 4, 19, 22, 11, 14, 14, 7, 4, 9, 21, 19, 5, 12, 19, 1, 7, 0, 11, 15, 2, 14, 6, 0, 19, 15, 14, 1, 16, 1, 18, 7, 5, 7, 2, 19, 11, 6, 6]"
"JJ Roy","[15, 31, 37, 2, 7, 12, 13]","[13, 21, 18, 4, 17, 13, 10]"
"JL Denly","[0]","[1]"
"JM Bairstow","[18, 16, 32, 52, 16, 5, 27, 15, 27, 0, 20, 16, 28, 0, 11, 15, 11, 22, 27, 26, 5, 13]","[16, 9, 20, 26, 10, 8, 19, 9, 17, 2, 19, 19, 18, 3, 8, 12, 14, 16, 15, 17, 10, 13]"
"JM Kemp","[2]","[3]"
"JO Holder","[4]","[4]"
"JP Duminy","[16, 24, 15, 1, 13, 0, 12, 9, 14, 11, 2, 5, 4, 1, 4, 19, 11, 5, 19, 15, 13, 24, 6, 6, 5]","[18, 17, 16, 6, 12, 4, 12, 6, 10, 7, 6, 7, 6, 5, 5, 14, 14, 8, 17, 15, 8, 16, 5, 7, 9]"
"JP Faulkner","[1, 1, 12, 0]","[4, 2, 13, 1]"
"JR Hopes","[38, 9, 18, 6, 14, 27, 16, 5, 0, 18, 2, 8, 5, 10]","[18, 9, 12, 5, 7, 17, 15, 7, 1, 11, 5, 8, 11, 12]"
"JR Philippe","[25, 16, 13, 0]","[19, 17, 18, 3]"
"K Goel","[25, 26, 9, 1, 1, 42, 0, 21, 0, 12, 16, 1, 16]","[20, 21, 14, 3, 7, 22, 7, 20, 0, 12, 17, 4, 19]"
"K Gowtham","[8]","[4]"
"K Rabada","[2]","[4]"
"KA Pollard","[6, 10, 1, 14, 1, 2, 9, 5, 1, 1, 7, 6, 0]","[12, 3, 2, 11, 1, 1, 6, 4, 1, 1, 3, 6, 3]"
"KC Sangakkara","[0, 19, 45, 4, 12, 44, 13, 3, 21, 2, 0, 15, 3, 3, 2, 1, 18, 0, 7, 30, 0, 24, 3, 10, 6, 26, 11, 0, 7, 7, 19, 16, 11, 10, 0, 18, 22, 1, 34, 4, 13, 4, 7, 4, 18, 4, 17, 13, 4]","[0, 6, 21, 2, 12, 20, 13, 4, 21, 5, 2, 15, 5, 9, 4, 3, 9, 3, 8, 14, 1, 14, 3, 7, 4, 21, 8, 3, 5, 5, 13, 18, 9, 16, 2, 14, 22, 7, 25, 5, 15, 6, 10, 4, 13, 4, 16, 12, 10]"
"KD Karthik","[4, 0, 8, 4, 6, 14, 1, 9, 0, 3, 1, 10, 2, 0, 0, 0, 0, 1, 0, 4, 17, 0, 7, 5, 5, 13, 22, 0, 7, 15, 24, 33, 17, 2, 6, 2, 21, 0, 17, 6, 7, 6, 18, 0, 14, 7, 7, 2, 3, 16, 4, 13, 1, 4, 1, 5, 2, 0, 1, 1, 0, 1, 12, 5, 9]","[2, 1, 8, 1, 7, 7, 1, 13, 4, 5, 2, 9, 2, 2, 3, 2, 0, 1, 1, 9, 13, 7, 5, 3, 3, 13, 14, 1, 8, 12, 16, 20, 20, 6, 3, 3, 13, 2, 20, 6, 7, 12, 18, 1, 12, 9, 6, 2, 8, 9, 4, 7, 2, 3, 3, 3, 2, 0, 2, 6, 3, 1, 8, 9, 9]"
"KH Pandya","[2, 1, 1, 1, 17, 4]","[2, 1, 1, 1, 11, 3]"
"KK Cooper","[7, 0]","[2, 0]"
"KK Nair","[4, 23, 5, 21, 11, 36, 14, 22, 25, 28, 30, 5, 6, 6, 4, 3, 0, 1, 1, 0, 8, 8, 2, 11, 19, 12, 23, 19, 37, 11, 0, 9, 1, 0, 4, 1, 9, 20, 25, 11, 8, 16, 19, 11]","[3, 15, 13, 18, 9, 15, 12, 15, 10, 15, 22, 3, 6, 4, 7, 5, 0, 3, 3, 3, 5, 9, 6, 16, 15, 9, 18, 14, 18, 6, 0, 11, 1, 5, 9, 2, 7, 16, 12, 8, 8, 15, 19, 10]"
"KL Rahul","[51, 25, 28, 16, 38, 23, 29, 20, 20, 27, 37, 22, 27, 8, 4, 1, 10, 15, 26, 9, 24, 12, 4, 12, 34, 29, 2, 59, 24, 21, 14, 26, 23, 24, 37, 19, 26, 26, 25, 23, 12, 16, 12, 5, 11, 17, 6, 10, 1, 5, 2, 0, 1, 24, 7, 30, 21, 25, 40, 2, 20, 0]","[16, 14, 15, 17, 15, 15, 21, 17, 17, 25, 19, 15, 18, 12, 4, 5, 16, 11, 16, 12, 21, 13, 13, 9, 20, 27, 7, 23, 21, 17, 14, 19, 18, 21, 22, 16, 20, 18, 20, 20, 15, 11, 12, 4, 13, 13, 6, 8, 1, 8, 5, 0, 1, 14, 10, 17, 17, 20, 22, 8, 10, 1]"
"KM Jadhav","[0, 1, 0, 11, 13, 6, 4, 8, 11, 1, 9, 2, 1, 2, 0, 1, 0, 0, 0]","[1, 4, 0, 8, 8, 7, 3, 3, 13, 6, 9, 4, 2, 2, 2, 3, 4, 3, 1]"
"KP Pietersen","[20, 4, 0, 26, 14, 10, 41, 3, 17, 3, 14, 7, 24, 12, 5, 13, 2, 0, 6, 36, 17, 13, 33, 34, 29, 15, 14, 0]","[20, 6, 2, 16, 6, 9, 18, 2, 13, 3, 18, 4, 15, 8, 5, 15, 3, 1, 12, 18, 13, 14, 22, 20, 20, 7, 10, 1]"
"KS Williamson","[12, 9, 4, 3, 17, 11, 13, 28, 19, 0, 13, 18, 14, 7, 5, 24, 18, 2, 13, 2, 30, 12, 5, 2, 3, 6, 4]","[14, 2, 2, 8, 11, 9, 12, 18, 12, 3, 14, 13, 14, 11, 3, 15, 19, 2, 14, 5, 19, 10, 2, 3, 6, 9, 8]"
"KV Sharma","[1, 6]","[1, 8]"
"Kamran Akmal","[17, 14, 18, 6]","[10, 9, 16, 6]"
"L Ronchi","[8, 3, 12, 13, 1]","[10, 4, 9, 11, 3]"
"LA Carseldine","[27, 4, 9]","[22, 2, 12]"
"LA Pomersbach","[17, 19, 12, 1, 18, 17, 7, 18]","[7, 14, 8, 2, 16, 15, 9, 10]"
"LJ Wright","[8, 1]","[4, 5]"
"LMP Simmons","[34, 1, 45, 0, 7, 3, 3, 21, 24, 14, 26, 52, 23, 12, 28, 5, 28, 17, 21, 22, 26, 1, 31, 19, 15, 21, 36, 35, 8]","[22, 5, 24, 5, 15, 6, 8, 16, 22, 15, 25, 29, 17, 8, 16, 13, 23, 16, 18, 19, 20, 2, 20, 20, 16, 22, 27, 23, 8]"
"LPC Silva","[10]","[8]"
"LR Shukla","[1, 1]","[2, 3]"
"LRPL Taylor","[2, 45, 20, 31, 0, 1, 16, 0, 16, 0, 6, 4, 1, 0, 9, 1, 5, 6]","[2, 19, 9, 15, 1, 2, 17, 1, 20, 0, 5, 9, 1, 2, 6, 2, 6, 8]"
"LS Livingstone","[32, 13, 14]","[17, 7, 13]"
"M Kaif","[2, 6, 15, 2, 1, 0]","[6, 8, 15, 5, 5, 0]"
"M Klinger","[2, 18, 12, 21]","[6, 16, 10, 18]"
"M Manhas","[0, 11, 26, 2, 10, 0, 0, 0]","[2, 8, 26, 5, 6, 1, 3, 4]"
"M Rawat","[0]","[2]"
"M Vijay","[14, 28, 10, 2, 20, 10, 15, 15, 11, 5, 3, 22, 30, 44, 28, 20, 22, 14, 19, 14, 16, 26, 4, 20, 25, 25, 14, 21, 14, 4, 5, 5, 16, 23, 16, 6, 5, 26, 11, 2, 0, 11, 8, 14, 42, 0, 16, 26, 10, 1, 39, 22, 5, 16, 3, 23, 18, 1, 3, 18, 2, 29, 21, 24, 32, 20, 15, 17, 1, 11, 20, 16, 13, 10, 11, 1, 6, 9, 37, 21, 21, 0, 22, 26, 9, 22, 2, 28, 24, 33, 1, 31, 24, 2, 19, 35, 11, 25, 28, 22, 6, 16, 24]","[11, 21, 6, 8, 17, 15, 14, 15, 13, 9, 6, 17, 17, 25, 14, 19, 12, 14, 12, 12, 11, 16, 4, 16, 18, 15, 11, 21, 17, 15, 6, 14, 17, 22, 11, 9, 5, 15, 18, 5, 0, 12, 10, 11, 26, 5, 15, 15, 14, 5, 20, 15, 8, 19, 6, 19, 13, 2, 5, 19, 4, 20, 19, 19, 18, 15, 14, 15, 2, 12, 24, 15, 11, 13, 13, 3, 9, 12, 29, 19, 18, 4, 18, 22, 13, 17, 6, 21, 18, 22, 5, 27, 17, 3, 13, 22, 12, 16, 17, 23, 12, 8, 14]"
"M Vohra","[16, 35, 36, 3, 31, 2, 4, 7, 28, 3, 35, 7, 24, 11, 3, 6, 20, 1, 0, 29, 47, 23, 25, 24, 26, 25, 21, 6, 1, 5, 17, 21, 11, 4, 19, 23, 19, 9, 26, 7, 2]","[11, 22, 23, 6, 17, 4, 6, 10, 18, 6, 23, 8, 14, 7, 6, 8, 11, 2, 0, 11, 23, 19, 18, 17, 19, 18, 19, 10, 7, 4, 14, 14, 6, 7, 14, 16, 11, 13, 24, 11, 6]"
"MA Agarwal","[8, 0, 21, 7, 15, 19, 2, 0, 16, 22, 4, 0, 13, 1, 2, 10, 11, 9, 11, 26, 26, 27, 22, 19, 21, 34, 31, 9, 6, 23, 0, 17, 7, 29, 24, 10, 47, 34, 12, 1, 3, 7, 1, 7, 13, 29, 7, 28, 2, 9, 22, 17, 2, 15, 37, 20, 1, 3, 1, 20, 17, 11, 0, 10, 10, 8]","[6, 4, 19, 5, 11, 13, 3, 1, 19, 12, 5, 2, 10, 1, 9, 8, 9, 6, 12, 19, 15, 20, 15, 12, 16, 20, 17, 6, 10, 14, 1, 13, 13, 22, 19, 5, 28, 21, 11, 3, 7, 9, 4, 9, 15, 20, 11, 15, 7, 7, 16, 10, 5, 12, 21, 18, 3, 10, 2, 19, 15, 8, 1, 12, 9, 5]"
"MC Henriques","[17, 18, 3, 22, 4, 3, 10, 6, 3, 30, 11, 4, 7, 6, 4, 11, 11]","[13, 10, 5, 18, 2, 3, 10, 5, 3, 12, 15, 9, 10, 10, 4, 9, 6]"
"MC Juneja","[1, 17, 1, 0, 2]","[1, 10, 2, 2, 3]"
"MD Mishra","[2, 18, 19, 9, 23, 11, 17, 19, 0, 7, 9, 2, 4]","[4, 13, 10, 11, 19, 11, 19, 15, 1, 3, 9, 9, 4]"
"MDKJ Perera","[15, 0]","[12, 1]"
"MEK Hussey","[14, 5, 6, 4, 20, 8, 20, 24, 11, 23, 14, 5, 39, 5, 6, 5, 2, 30, 19, 9, 29, 25, 9, 15, 13, 32, 19, 22, 6, 17, 15, 35, 40, 40, 5, 12, 19, 17, 16, 23, 6, 27, 1, 3, 16, 1, 16, 10, 42, 23, 25, 1, 18, 11, 6]","[12, 9, 3, 4, 18, 10, 19, 16, 19, 17, 15, 11, 21, 4, 12, 8, 5, 21, 20, 15, 22, 22, 11, 18, 17, 22, 19, 18, 16, 17, 22, 18, 20, 25, 8, 12, 17, 14, 18, 18, 5, 21, 2, 13, 15, 7, 13, 10, 20, 12, 20, 4, 13, 13, 10]"
"MJ Clarke","[29, 10, 1, 18, 13, 8]","[17, 7, 2, 17, 10, 11]"
"MJ Guptill","[23, 34, 9, 2, 12, 37, 0, 16, 29, 35, 2, 14, 7]","[11, 18, 10, 5, 16, 18, 1, 12, 20, 17, 4, 16, 9]"
"MJ Lumb","[12, 0, 34, 40, 32, 0, 37, 15, 55, 9, 9, 0]","[16, 1, 22, 21, 17, 2, 22, 10, 30, 6, 8, 2]"
"MJ McClenaghan","[0]","[1]"
"MK Lomror","[8, 9, 2]","[3, 9, 5]"
"MK Pandey","[2, 0, 8, 0, 17, 2, 0, 1, 0, 16, 9, 0, 1, 1, 27, 16, 17, 2, 11, 26, 2, 28, 40, 4, 20, 13, 8, 24, 22, 12, 1, 16, 30, 5, 1, 28, 25, 25, 16, 24, 5, 28, 3, 0, 14, 16, 12, 8, 1, 9, 14, 16, 17, 17, 16, 0, 13, 18, 24, 0, 17, 0, 10, 0, 10, 1, 1, 23, 24, 5, 9, 8, 1, 6, 14, 1, 17, 29, 19, 1, 12, 0, 8, 6, 13, 20, 1, 14, 6, 1, 0, 20, 19, 1]","[3, 2, 9, 0, 11, 2, 5, 3, 2, 11, 11, 0, 3, 6, 12, 7, 6, 5, 10, 17, 4, 18, 20, 3, 16, 7, 5, 17, 15, 13, 4, 18, 14, 8, 8, 19, 16, 17, 16, 18, 7, 21, 8, 1, 13, 18, 9, 8, 1, 11, 16, 14, 18, 16, 12, 5, 5, 13, 22, 1, 14, 2, 19, 4, 11, 2, 4, 23, 26, 3, 11, 3, 2, 8, 13, 5, 13, 17, 10, 5, 6, 3, 6, 4, 17, 10, 1, 14, 6, 4, 2, 11, 11, 3]"
"MK Tiwary","[1, 0, 12, 6, 8, 10, 5, 0, 0, 38, 8, 11, 3, 0, 1, 8, 4, 6, 23, 21, 4, 0, 5, 3, 10, 7, 14, 1, 0, 6, 17]","[3, 0, 7, 11, 11, 7, 4, 1, 1, 17, 3, 13, 3, 3, 5, 8, 5, 7, 19, 12, 7, 1, 8, 6, 13, 15, 12, 3, 2, 6, 19]"
"ML Hayden","[23, 29, 22, 15, 11, 46, 36, 37, 1, 31, 38, 29, 12, 30, 6, 18, 17, 1, 39, 24, 21, 23, 19, 12, 34, 14, 20, 0, 1, 5, 9, 14]","[15, 13, 18, 21, 12, 18, 18, 22, 2, 20, 23, 23, 13, 16, 17, 15, 11, 8, 18, 18, 23, 15, 14, 11, 21, 12, 19, 2, 5, 8, 10, 21]"
"MM Ali","[1, 2, 9, 13, 6, 0, 11]","[3, 4, 8, 7, 8, 0, 12]"
"MN Samuels","[0, 6, 4, 1]","[2, 7, 13, 4]"
"MN van Wyk","[11, 18, 1]","[13, 11, 3]"
"MP Stoinis","[4, 1, 0, 1, 6, 19, 33, 0, 24, 0, 20]","[5, 1, 1, 1, 7, 18, 21, 1, 16, 3, 18]"
"MR Marsh","[0]","[0]"
"MS Bisla","[3, 41, 0, 30, 18, 15, 15, 18, 21, 20, 19, 3, 7, 20, 7, 22, 0, 11, 1, 43, 4, 4, 2, 27, 0, 17, 43, 5, 31, 18, 12, 0, 7, 20, 3, 20, 17]","[6, 31, 7, 11, 20, 10, 13, 13, 15, 19, 15, 4, 18, 14, 7, 14, 1, 9, 2, 24, 9, 6, 6, 21, 1, 14, 24, 8, 21, 18, 13, 2, 6, 19, 9, 16, 14]"
"MS Dhoni","[0, 7, 1, 0, 0, 4, 13, 0, 4, 1, 0, 8, 0, 4, 6, 0, 9]","[0, 11, 3, 2, 1, 1, 14, 1, 2, 1, 2, 6, 0, 5, 3, 1, 13]"
"MS Wade","[3]","[7]"
"MV Boucher","[1, 3, 18]","[3, 6, 15]"
"Mandeep Singh","[24, 12, 0, 0, 1, 17, 26, 21, 6, 17, 17, 0, 4, 0, 8, 15, 1, 18, 22, 31, 38, 7, 32, 20, 22, 17, 0, 17, 10, 6, 21, 11, 30, 26, 10, 16, 0, 0, 26, 16, 1, 3, 26, 0, 7, 9, 0, 12, 1, 3]","[16, 10, 5, 3, 3, 13, 19, 14, 4, 14, 20, 1, 7, 4, 12, 16, 1, 13, 16, 24, 24, 6, 22, 16, 12, 16, 1, 13, 10, 9, 16, 12, 18, 19, 9, 15, 3, 2, 16, 12, 5, 8, 17, 3, 5, 6, 0, 6, 3, 4]"
"Misbah-ul-Haq","[8, 0, 21, 0]","[9, 1, 8, 1]"
"Mohammad Ashraful","[5]","[12]"
"Mohammad Hafeez","[13, 6, 7, 5]","[12, 11, 6, 8]"
"Mohammad Nabi","[6]","[2]"
"N Jagadeesan","[0, 1]","[1, 2]"
"N Pooran","[16, 0, 1, 0, 13, 4]","[9, 4, 1, 1, 7, 3]"
"N Rana","[8, 8, 42, 1, 1, 1, 9, 24, 10, 2, 1, 17, 8, 12, 9, 9, 3, 14, 23, 2, 1, 5, 4, 9, 18, 0, 13, 6, 4, 7, 28, 0, 2, 5, 0, 24, 7, 27, 36, 9, 4]","[4, 8, 29, 1, 2, 5, 4, 19, 12, 3, 2, 12, 7, 7, 9, 10, 5, 9, 15, 5, 4, 3, 6, 8, 15, 1, 14, 6, 6, 6, 15, 1, 4, 6, 1, 22, 7, 13, 25, 12, 1]"
"N Saini","[14, 30, 17, 6, 4, 5, 9]","[12, 23, 19, 3, 10, 11, 8]"
"NA Saini","[1]","[1]"
"NJ Maddinson","[4, 12, 4]","[6, 8, 7]"
"NLTC Perera","[16, 3, 4]","[12, 2, 4]"
"NS Naik","[8]","[17]"
"NV Ojha","[0, 27, 7, 0, 11, 10, 23, 12, 24, 18, 22, 14, 14, 23, 27, 25, 2, 15, 0, 8, 13, 10, 2, 0, 13, 7, 2, 25, 34, 9, 29, 14, 1, 15, 6, 4, 0, 12, 13, 12, 21, 0, 1, 8]","[6, 23, 12, 2, 9, 15, 13, 12, 14, 20, 12, 10, 15, 15, 14, 15, 6, 10, 5, 10, 16, 7, 4, 3, 12, 10, 8, 14, 27, 20, 22, 12, 4, 17, 13, 12, 2, 14, 3, 16, 15, 0, 4, 10]"
"Niraj Patel","[34, 3, 7, 6]","[24, 11, 17, 7]"
"OA Shah","[0, 5, 19, 0]","[2, 3, 10, 3]"
"P Kumar","[6, 0]","[5, 3]"
"P Negi","[5, 0]","[3, 3]"
"P Simran Singh","[11]","[8]"
"PA Patel","[20, 28, 34, 5, 0, 40, 11, 26, 43, 0, 26, 24, 23, 33, 18, 4, 32, 20, 10, 31, 1, 30, 12, 26, 11, 23, 24, 10, 19, 29, 12, 16, 48, 40, 8, 1, 16, 15, 23, 15, 19, 0, 4, 17, 27, 23, 19, 21, 25, 0, 22, 22, 0, 3, 0, 32, 30, 34, 7, 18, 1, 10, 21, 8, 1, 0, 1, 4, 21, 5, 20, 6, 6, 1, 22, 2, 29, 20, 0, 1, 17, 20, 21, 2, 18, 23, 12, 13, 15, 41, 12, 27, 2, 32, 1, 35, 11, 16, 1, 2, 3, 28, 13, 11, 10, 4, 16, 0, 19, 29, 21, 23, 25, 13, 30, 20, 21, 17, 12, 0, 26, 11, 13, 5, 1, 24, 1, 22, 0, 1]","[15, 26, 17, 9, 2, 20, 13, 19, 25, 1, 16, 17, 14, 16, 9, 6, 23, 13, 8, 15, 4, 15, 14, 19, 8, 13, 20, 10, 9, 17, 12, 11, 24, 20, 5, 4, 11, 12, 21, 14, 17, 1, 6, 24, 23, 17, 22, 23, 22, 2, 19, 17, 2, 11, 1, 22, 20, 21, 7, 23, 3, 13, 19, 7, 6, 3, 3, 6, 16, 2, 12, 7, 6, 5, 11, 1, 18, 18, 1, 5, 13, 16, 19, 4, 15, 20, 9, 14, 13, 25, 12, 15, 6, 21, 3, 23, 16, 14, 1, 7, 5, 21, 14, 10, 14, 4, 11, 1, 15, 20, 20, 14, 16, 13, 17, 12, 14, 16, 12, 3, 22, 8, 15, 6, 4, 24, 2, 16, 4, 2]"
"PA Reddy","[32, 8, 13, 20, 2, 14, 2, 7, 12]","[22, 12, 15, 15, 9, 12, 5, 9, 11]"
"PC Valthaty","[5, 1, 6, 46, 44, 41, 14, 7, 5, 23, 23, 15, 17, 28, 21, 5, 13, 1, 0, 10, 6, 2, 2]","[7, 4, 6, 22, 23, 20, 10, 8, 20, 18, 20, 15, 10, 25, 18, 6, 15, 5, 1, 9, 12, 10, 6]"
"PD Collingwood","[6, 17, 2, 2]","[6, 8, 2, 3]"
"PJ Cummins","[0]","[1]"
"PK Garg","[18]","[13]"
"PP Chawla","[9, 7]","[5, 8]"
"PP Shaw","[22, 25, 10, 38, 49, 9, 2, 19, 12, 8, 26, 24, 0, 11, 30, 14, 4, 13, 13, 11, 18, 4, 8, 40, 6, 6, 19, 9, 0, 31, 43, 4, 2, 10, 29, 0, 9, 0, 36]","[10, 21, 6, 19, 24, 11, 4, 19, 8, 6, 18, 17, 1, 11, 18, 7, 5, 15, 11, 13, 10, 5, 8, 25, 7, 9, 10, 6, 2, 20, 22, 3, 5, 11, 24, 1, 13, 2, 18]"
"PR Shah","[0, 21, 13]","[1, 14, 19]"
"Q de Kock","[4, 18, 23, 21, 18, 18, 25, 8, 29, 21, 19, 5, 11, 16, 31, 40, 26, 33, 16, 1, 11, 31, 11, 30, 35, 25, 18, 0, 1, 24, 28, 16, 27, 38, 16, 15, 6, 12, 41, 24, 3, 0, 4, 24, 15, 31, 29, 10, 7, 6, 43, 3, 33, 17, 20, 40, 9, 6, 1, 30, 38, 29, 31, 2, 8, 31]","[4, 16, 13, 13, 16, 12, 21, 14, 16, 17, 14, 7, 12, 13, 19, 23, 16, 22, 10, 4, 14, 22, 13, 18, 22, 13, 19, 5, 3, 16, 20, 14, 16, 24, 16, 13, 4, 13, 22, 12, 9, 4, 3, 14, 22, 22, 17, 9, 12, 6, 24, 7, 20, 10, 18, 18, 7, 11, 3, 21, 22, 20, 16, 8, 11, 26]"
"R Ashwin","[0, 11, 2, 0]","[2, 13, 5, 6]"
"R Bishnoi","[18]","[14]"
"R Dravid","[2, 21, 0, 2, 10, 1, 1, 1, 5, 1, 0, 9, 12, 18, 2, 18, 25, 26, 1, 16, 13, 10, 45, 16, 8, 26, 5, 19, 19, 22, 22, 1, 6, 20, 25, 3, 26, 14, 45, 26, 36, 26, 19, 28, 14, 5, 21, 22, 6, 19, 10, 30, 5, 6, 17, 20, 32, 35, 4, 14, 5, 21, 12, 21]","[3, 23, 1, 3, 11, 2, 1, 2, 3, 1, 2, 8, 13, 11, 5, 18, 14, 20, 1, 14, 10, 17, 24, 20, 7, 23, 16, 17, 16, 17, 18, 4, 9, 14, 23, 5, 21, 17, 27, 24, 23, 20, 14, 16, 16, 10, 20, 17, 6, 16, 12, 25, 8, 10, 17, 14, 23, 25, 7, 16, 6, 19, 10, 20]"
"R McLaren","[14]","[19]"
"R Parag","[0, 0]","[4, 7]"
"R Sathish","[0]","[7]"
"R Tewatia","[4, 2]","[3, 4]"
"RA Jadeja","[7, 4, 1, 2, 12, 7, 21]","[6, 5, 1, 6, 4, 6, 17]"
"RA Tripathi","[11, 33, 29, 47, 21, 37, 30, 6, 50, 1, 7, 29, 1, 7, 10, 4, 27, 26, 20, 20, 0, 21, 1, 13, 34, 23, 7, 5, 8, 22]","[6, 17, 19, 26, 15, 20, 21, 7, 20, 4, 6, 21, 2, 8, 9, 5, 15, 18, 13, 12, 3, 15, 5, 12, 20, 16, 4, 10, 10, 16]"
"RD Gaikwad","[22, 0, 31, 23, 7]","[19, 5, 21, 23, 9]"
"RE Levi","[39, 0, 3, 22, 2, 0]","[26, 2, 9, 16, 4, 1]"
"RE van der Merwe","[12, 2, 14, 8]","[11, 5, 12, 9]"
"RG Sharma","[3, 4, 0, 1, 0, 1, 23, 1, 6, 20, 16, 11, 13, 2, 0, 1, 0, 14, 31, 32, 11, 11, 26, 27, 31, 5, 17, 12, 25, 15, 4, 15, 12, 4, 23, 29, 26, 11, 24, 6, 6, 8, 0, 24, 19, 11, 6, 1, 1, 11, 0, 13, 0, 2, 6, 0, 2, 1, 12, 3, 0, 1, 21, 2, 6, 4, 8, 1, 1, 14, 21, 17, 12, 14, 18, 1, 23, 5, 2, 10, 4, 2, 1, 8, 2, 5, 2, 2, 4, 1, 12, 1, 8, 23, 0, 0, 14, 14, 6, 8, 26, 7, 27, 7, 3, 27, 31, 0, 30, 23, 5, 15, 11, 31, 30]","[4, 4, 2, 5, 0, 4, 13, 2, 8, 14, 19, 10, 10, 6, 1, 1, 1, 13, 19, 18, 15, 14, 17, 15, 21, 7, 14, 9, 19, 16, 2, 14, 10, 7, 18, 22, 16, 11, 20, 13, 5, 8, 1, 15, 15, 5, 10, 4, 5, 12, 0, 13, 3, 6, 7, 0, 3, 4, 14, 6, 1, 4, 10, 8, 6, 6, 9, 1, 6, 12, 10, 14, 6, 21, 12, 4, 13, 7, 4, 10, 10, 6, 4, 5, 2, 4, 5, 4, 5, 5, 12, 4, 4, 18, 2, 2, 9, 6, 6, 7, 11, 5, 16, 9, 3, 18, 19, 2, 17, 17, 3, 15, 17, 20, 17]"
"RJ Quiney","[6, 7, 6, 25, 23, 7, 1]","[2, 8, 11, 23, 18, 10, 2]"
"RK Bhui","[0]","[5]"
"RM Patidar","[9]","[9]"
"RN ten Doeschate","[5, 1]","[3, 4]"
"RR Pant","[0, 2, 2, 31, 0, 4, 21, 1, 22, 1, 32, 5, 1, 12, 16, 18, 7, 8, 6, 0, 1, 4, 9, 13, 2, 2, 1, 5, 1, 31, 3, 10, 1]","[3, 4, 2, 16, 3, 2, 13, 1, 15, 2, 21, 2, 2, 4, 7, 13, 7, 6, 4, 2, 1, 10, 9, 15, 5, 8, 5, 5, 3, 16, 9, 10, 2]"
"RR Rossouw","[5, 1, 15]","[10, 4, 9]"
"RR Sarwan","[15, 30, 3]","[15, 23, 5]"
"RS Bopara","[25, 14, 23, 12, 6, 18, 9, 22, 1, 16, 0, 1]","[17, 13, 20, 16, 14, 18, 10, 18, 8, 13, 2, 4]"
"RT Ponting","[0, 0, 0, 5, 19, 7, 0, 12, 4]","[4, 1, 1, 9, 21, 10, 6, 14, 9]"
"RV Gomez","[0]","[1]"
"RV Uthappa","[4, 0, 16, 4, 12, 11, 13, 22, 15, 2, 2, 1, 10, 28, 3, 26, 25, 26, 1, 7, 7, 13, 1, 4, 6, 9, 17, 16, 13, 12, 11, 19, 1, 1, 10, 5, 19, 34, 8, 9, 11, 13, 4, 27, 8, 7, 5, 10, 4, 19, 12, 0, 3, 4, 9, 4, 6, 1, 21, 4, 9, 2, 22, 8, 4, 9, 1, 1, 11, 26, 9, 11, 9, 1, 19, 19, 0, 20, 7, 8, 17, 17, 33, 8, 9, 22, 20, 0, 30, 10, 14, 28, 22, 12, 25, 25, 5, 5, 26, 28, 27, 41, 33, 18, 42, 15, 18, 37, 5, 9, 26, 17, 13, 18, 35, 31, 40, 24, 22, 17, 26, 17, 31, 9, 23, 50, 0, 33, 20, 1, 13, 14, 5, 2, 28, 25, 11]","[3, 2, 9, 2, 8, 8, 11, 12, 10, 4, 3, 3, 7, 14, 8, 14, 16, 17, 2, 9, 12, 10, 1, 6, 8, 9, 10, 12, 8, 10, 9, 20, 1, 5, 5, 11, 13, 18, 3, 9, 8, 11, 4, 20, 10, 5, 5, 8, 10, 14, 17, 1, 4, 8, 12, 5, 4, 5, 12, 2, 6, 4, 13, 6, 1, 8, 3, 2, 8, 19, 5, 14, 17, 3, 19, 16, 1, 13, 7, 8, 18, 14, 16, 10, 12, 14, 16, 2, 25, 11, 14, 21, 22, 13, 21, 21, 8, 5, 19, 24, 20, 24, 25, 18, 22, 13, 16, 21, 3, 12, 15, 17, 10, 14, 22, 24, 18, 20, 15, 11, 21, 9, 23, 10, 20, 23, 1, 15, 17, 4, 12, 10, 2, 4, 20, 17, 7]"
"S Anirudha","[6, 27, 0, 0]","[8, 19, 1, 2]"
"S Badrinath","[16, 1, 23, 0, 14, 0, 0, 9, 5, 10, 1, 5, 4, 11, 5, 3, 0, 0, 0, 1, 9, 1, 8, 18, 13, 18, 14, 3, 7, 1, 0, 0]","[14, 3, 19, 1, 10, 0, 1, 7, 12, 12, 1, 4, 8, 18, 5, 3, 2, 0, 0, 11, 16, 2, 13, 20, 19, 14, 13, 4, 6, 2, 3, 3]"
"S Chanderpaul","[17, 2, 8]","[12, 9, 12]"
"S Dhawan","[25, 9, 7, 23, 16, 22, 24, 33, 16, 27, 19, 15, 19, 11, 34, 35, 8, 0, 10, 12, 6, 18, 14, 23, 20, 18, 28, 0, 25, 18, 14, 16, 16, 26, 13, 0, 37, 7, 35, 34, 48, 31, 19, 20, 15, 18, 0, 6, 5, 25, 24, 26, 20, 0, 15, 18, 0, 7, 30, 35, 0, 32, 15, 29, 12, 12, 0, 4, 1, 4, 5, 11, 14, 6, 1, 3, 21, 46, 9, 26, 18, 18, 2, 10, 17, 0, 24, 8, 13, 22, 8, 25, 4, 8, 15, 22, 24, 21, 42, 24, 41, 27, 23, 10, 24, 16, 17, 13, 28, 28, 8, 27, 26, 5, 31, 0, 12, 22, 3, 16, 21, 1, 13, 12, 25, 2, 35, 7, 8, 18, 33, 11, 14, 35, 21, 29, 7, 23, 26, 16, 11, 19, 15, 43, 1, 16, 15, 21, 13, 26, 9, 1, 8, 6, 2, 12, 21, 15, 11, 3, 13, 18, 18, 21, 10, 22, 10, 1]","[16, 9, 15, 21, 15, 16, 21, 21, 13, 13, 12, 12, 12, 13, 22, 18, 8, 1, 7, 8, 4, 16, 20, 12, 17, 15, 20, 1, 19, 15, 16, 17, 8, 20, 14, 1, 21, 8, 21, 18, 23, 19, 13, 12, 12, 14, 2, 6, 4, 16, 16, 16, 14, 1, 13, 15, 2, 13, 15, 20, 2, 16, 13, 18, 13, 11, 3, 5, 3, 4, 4, 15, 17, 13, 1, 7, 18, 26, 13, 20, 15, 19, 4, 11, 10, 8, 15, 8, 10, 18, 5, 22, 9, 9, 13, 13, 15, 19, 21, 19, 21, 18, 15, 13, 20, 11, 17, 18, 19, 18, 6, 21, 18, 4, 24, 2, 11, 16, 3, 15, 21, 3, 16, 15, 21, 4, 22, 9, 6, 15, 20, 8, 13, 24, 15, 20, 11, 20, 18, 14, 13, 17, 15, 30, 2, 14, 15, 13, 10, 18, 7, 2, 9, 7, 4, 12, 16, 13, 11, 6, 14, 15, 18, 14, 8, 10, 10, 4]"
"S Gopal","[0]","[4]"
"S Rana","[4, 17]","[9, 14]"
"S Sohal","[26, 0, 2, 31, 48, 3, 12, 4, 21, 7, 19, 5, 2, 56, 26, 10, 36]","[18, 1, 2, 18, 26, 12, 15, 10, 25, 5, 15, 3, 5, 30, 20, 12, 21]"
"S Sriram","[15]","[12]"
"S Vidyut","[12, 10, 43, 10, 16, 6, 16]","[8, 11, 24, 6, 11, 7, 14]"
"SA Asnodkar","[28, 22, 22, 31, 5, 36, 14, 38, 32, 1, 4, 11, 10, 1, 20, 9, 4, 0, 5, 9]","[15, 15, 12, 23, 3, 18, 15, 18, 19, 3, 5, 8, 8, 2, 19, 14, 6, 0, 4, 9]"
"SA Yadav","[16, 0, 41, 0, 28, 14, 39, 10, 28, 24, 28, 26, 28, 12, 2, 11, 24, 7, 19, 8, 13, 8, 17, 0, 1, 19, 4, 10, 29, 7, 1, 0, 27, 22, 0, 22, 13, 9, 1, 0, 18, 3, 1, 45, 4]","[11, 0, 20, 1, 19, 18, 27, 9, 21, 18, 22, 20, 15, 4, 6, 4, 15, 8, 10, 8, 8, 4, 13, 1, 2, 12, 3, 7, 13, 6, 4, 0, 18, 11, 2, 14, 9, 7, 1, 3, 7, 3, 1, 27, 12]"
"SB Styris","[2, 3, 4]","[2, 3, 8]"
"SC Ganguly","[12, 5, 9, 4, 20, 10, 17, 32, 1, 3, 8, 21, 1, 20, 0, 0, 17, 4, 6, 4, 0, 0, 9, 24, 23, 6, 19, 38, 36, 23, 10, 25, 24, 0, 6, 3, 21, 16, 13, 22, 8, 1, 12, 19, 17, 2]","[12, 7, 7, 2, 15, 8, 15, 23, 2, 8, 12, 15, 12, 12, 1, 1, 13, 6, 10, 14, 3, 3, 16, 19, 17, 11, 16, 29, 32, 19, 12, 19, 15, 5, 9, 6, 18, 9, 10, 16, 9, 4, 7, 18, 19, 4]"
"SD Chitnis","[1]","[6]"
"SD Lad","[15]","[13]"
"SE Marsh","[26, 16, 32, 18, 11, 1, 10, 26, 19, 16, 17, 15, 35, 2, 24, 30, 16, 23, 31, 2, 0, 16, 2, 0, 6, 9, 5, 19, 4, 7, 5, 16, 6, 4, 13, 2, 20, 3, 6, 16, 5, 12, 9, 18, 19, 11, 15, 16, 12, 13, 8, 13, 16, 6, 29, 7, 9, 31, 10, 3, 5, 13, 8, 7, 6]","[21, 14, 17, 13, 14, 3, 13, 21, 14, 12, 17, 20, 22, 5, 21, 16, 16, 17, 19, 9, 1, 21, 4, 0, 4, 7, 7, 14, 8, 8, 7, 9, 5, 11, 8, 3, 21, 7, 4, 10, 2, 16, 10, 20, 16, 7, 15, 17, 12, 12, 4, 21, 16, 7, 21, 7, 11, 19, 10, 6, 4, 15, 7, 9, 6]"
"SK Raina","[14, 1, 16, 23, 6, 27, 5, 1, 40, 7, 4, 0, 18, 8, 12, 7, 9, 6, 33, 13, 23, 4, 3, 23, 6, 17, 15, 4, 14, 0, 28, 2, 14, 6, 6, 3, 15, 4, 12, 7, 19, 1, 35, 10, 8, 1, 8, 3, 25, 22, 7, 28, 14, 13, 20, 5, 6, 8, 8, 17, 9, 4, 8, 13, 53, 15, 25, 2, 14, 0, 9, 5, 7, 24, 5, 14, 19, 5, 9, 23, 17, 17, 1, 15, 23, 0, 27, 2, 0, 10, 19, 8, 4, 20, 9, 6, 0, 4, 0, 0, 6, 0, 12, 29, 8, 2, 9, 11, 1, 2, 89, 4, 9, 4, 21, 2, 10, 14, 17, 0, 3, 22, 7, 4, 22, 18, 34, 0, 18, 11, 20, 4, 24, 32, 1, 1]","[9, 2, 13, 8, 6, 16, 12, 3, 21, 5, 6, 1, 8, 11, 10, 3, 5, 7, 19, 14, 14, 6, 6, 9, 9, 16, 14, 4, 10, 1, 12, 4, 7, 6, 7, 4, 13, 5, 8, 5, 14, 6, 16, 8, 8, 1, 9, 3, 16, 13, 5, 13, 12, 10, 12, 4, 3, 11, 3, 11, 5, 1, 7, 7, 23, 15, 14, 4, 14, 1, 13, 4, 5, 17, 10, 10, 13, 7, 12, 17, 13, 14, 2, 11, 13, 0, 20, 7, 1, 7, 12, 10, 7, 13, 11, 6, 1, 3, 1, 1, 9, 0, 13, 21, 6, 3, 3, 18, 1, 4, 26, 7, 10, 8, 14, 3, 7, 9, 15, 1, 6, 15, 4, 3, 11, 16, 18, 0, 15, 7, 10, 3, 18, 17, 9, 5]"
"SM Curran","[20, 0, 1, 32, 16]","[10, 3, 2, 22, 16]"
"SM Katich","[36, 20, 11, 35, 10, 0, 20, 12, 7]","[21, 15, 13, 16, 11, 2, 10, 11, 11]"
"SM Pollock","[1, 0]","[2, 4]"
"SN Khan","[7, 15, 14, 0]","[7, 10, 11, 0]"
"SO Hetmyer","[9, 23, 7, 16]","[9, 19, 13, 12]"
"SP Fleming","[16, 0, 16, 19, 1, 11, 26, 17, 7, 15]","[14, 2, 17, 14, 4, 18, 14, 16, 4, 10]"
"SP Goswami","[32, 12, 6, 0, 18, 6, 10, 32, 11, 8, 23, 6, 2, 0, 12, 0]","[20, 9, 5, 3, 20, 6, 19, 29, 14, 10, 20, 3, 4, 3, 10, 1]"
"SP Jackson","[10]","[9]"
"SP Narine","[38, 7, 42, 39, 17, 5, 1, 0, 56, 18, 0, 12, 51, 13, 1, 28, 2, 26, 27, 25, 4, 31, 21, 31, 4, 28, 25, 12, 36, 6, 6, 22, 25, 18, 9, 7, 0]","[19, 9, 17, 18, 12, 4, 4, 6, 18, 10, 4, 10, 20, 5, 4, 18, 4, 9, 18, 17, 2, 18, 7, 12, 2, 13, 10, 8, 17, 5, 8, 16, 8, 15, 10, 5, 2]"
"SPD Smith","[10, 16, 31, 5, 7, 4, 13, 13, 34, 1, 1, 6, 11, 5, 5, 15, 12, 1, 24, 16, 5, 5, 6, 5, 39, 4, 1, 11, 1, 8, 4, 2, 1, 11, 5, 17, 4, 7, 6, 1, 16, 0, 6, 5, 4, 31, 23, 33]","[9, 18, 17, 3, 8, 2, 9, 15, 24, 1, 2, 10, 8, 8, 6, 8, 11, 3, 19, 10, 7, 6, 7, 5, 20, 4, 6, 8, 4, 8, 5, 5, 2, 7, 3, 11, 4, 5, 2, 1, 13, 1, 5, 4, 6, 23, 11, 14]"
"SR Tendulkar","[19, 12, 0, 17, 20, 19, 16, 12, 24, 38, 2, 24, 11, 2, 16, 0, 2, 1, 13, 19, 45, 22, 36, 17, 29, 18, 35, 28, 16, 14, 21, 20, 10, 25, 14, 15, 38, 13, 10, 25, 7, 13, 25, 15, 6, 14, 11, 17, 28, 28, 14, 21, 19, 7, 17, 17, 27, 16, 2, 0, 11, 17, 12, 19, 0, 1, 36, 3, 13, 2, 23, 9, 16, 17, 24, 18, 11]","[20, 8, 3, 12, 13, 15, 17, 15, 15, 28, 6, 21, 11, 4, 15, 3, 1, 2, 17, 12, 18, 14, 21, 15, 17, 17, 24, 19, 14, 12, 18, 19, 10, 22, 18, 15, 23, 15, 9, 17, 7, 13, 18, 15, 9, 14, 13, 10, 15, 18, 12, 18, 18, 7, 16, 18, 15, 19, 2, 1, 12, 18, 12, 15, 1, 1, 23, 3, 14, 6, 13, 10, 14, 19, 13, 15, 13]"
"SR Watson","[22, 1, 16, 42, 14, 39, 10, 7, 12, 31, 21, 11, 10, 34, 14, 0, 20, 1, 30, 13, 6, 27, 17, 0, 6, 15, 5, 20, 8, 0, 9, 10, 5, 24, 4, 33, 27, 14, 27, 1, 14, 4, 8, 13, 14, 20, 17, 3, 20, 1, 0, 0, 2, 16, 1, 7, 33, 11, 24, 12, 12, 13, 28, 11, 21, 0, 46, 30, 35, 9, 8, 13, 10, 6, 39, 35, 6, 39, 12, 24, 16, 0, 3, 19, 3, 1, 6, 8, 15, 5, 9, 18, 13, 27, 27, 20, 12, 17, 37, 10, 6, 1]","[18, 4, 14, 19, 10, 21, 16, 4, 11, 17, 16, 14, 12, 20, 20, 5, 20, 10, 22, 13, 6, 23, 9, 4, 7, 17, 3, 17, 4, 9, 12, 13, 11, 20, 5, 20, 20, 14, 20, 6, 18, 9, 3, 16, 16, 13, 15, 6, 12, 3, 1, 1, 4, 11, 2, 10, 20, 13, 14, 14, 19, 14, 20, 10, 20, 4, 28, 15, 17, 11, 4, 12, 10, 11, 21, 21, 9, 24, 11, 21, 14, 3, 6, 12, 6, 2, 3, 8, 14, 6, 18, 17, 22, 23, 18, 24, 12, 18, 20, 5, 6, 6]"
"SS Iyer","[6, 2, 6, 3, 25, 3, 11, 6, 0, 4, 12, 5, 11, 24, 9, 1, 11, 13, 1, 16, 1, 9, 23, 12, 23, 6, 8, 13, 10, 35, 14, 2, 4, 17, 24, 9, 0, 10, 14, 10, 13, 9, 12, 19, 7, 10, 8, 28, 20, 25, 1, 19, 24, 10, 20, 0, 19, 21, 0, 3, 1, 21, 0, 8]","[7, 3, 7, 6, 17, 4, 12, 10, 0, 3, 8, 1, 11, 16, 10, 5, 11, 12, 4, 10, 3, 14, 18, 11, 20, 6, 6, 7, 7, 17, 6, 2, 7, 17, 19, 8, 0, 5, 16, 16, 14, 5, 8, 13, 7, 11, 7, 22, 15, 21, 2, 19, 23, 12, 19, 7, 17, 18, 3, 5, 5, 19, 1, 10]"
"SS Tiwary","[28, 3, 8, 17, 1, 20, 9, 0, 4, 1, 18, 2, 15, 1, 16, 20, 6]","[22, 4, 8, 11, 1, 16, 14, 1, 7, 2, 15, 4, 19, 2, 17, 15, 4]"
"ST Jayasuriya","[30, 21, 2, 7, 18, 34, 13, 20, 66, 57, 37, 29, 41, 13, 27, 2, 23, 1, 9, 12, 5, 29, 5, 2, 32, 2, 24, 11, 3, 2]","[17, 12, 7, 12, 10, 16, 13, 20, 33, 21, 16, 15, 22, 22, 20, 9, 12, 2, 9, 18, 7, 24, 8, 2, 18, 3, 15, 11, 6, 3]"
"STR Binny","[8, 4, 0, 0, 5, 0, 0, 1]","[6, 6, 2, 4, 4, 0, 1, 2]"
"SV Samson","[4, 37, 18, 32, 20, 9, 30, 6, 24, 18, 0, 10, 2, 0, 30, 16, 1, 2, 18, 27, 4, 2, 2, 9, 8, 6, 4, 32, 0, 20, 28, 6, 24, 8, 0, 0, 4, 12, 1, 25, 1, 0, 5, 1, 2, 23, 3, 0, 4, 3, 16, 16, 3, 21, 14, 17, 2, 11, 26, 5, 11, 18, 11, 9, 5, 4, 5, 9, 11, 1, 16, 20, 13, 2, 2, 0]","[2, 20, 15, 20, 12, 6, 16, 15, 19, 10, 1, 7, 4, 2, 22, 7, 1, 3, 10, 18, 7, 6, 3, 8, 10, 6, 5, 16, 0, 12, 13, 9, 12, 9, 6, 3, 3, 8, 1, 13, 4, 3, 2, 3, 2, 16, 5, 5, 4, 9, 10, 15, 6, 14, 12, 17, 5, 8, 19, 6, 12, 16, 17, 7, 8, 1, 13, 14, 13, 6, 16, 17, 14, 7, 3, 0]"
"SW Billings","[16, 23, 31, 21, 13, 0, 7, 5, 0, 0]","[14, 14, 21, 16, 9, 2, 5, 5, 1, 1]"
"Sachin Baby","[0]","[3]"
"Salman Butt","[8, 4, 21, 15, 24, 19, 25]","[8, 4, 21, 15, 20, 18, 20]"
"Shahid Afridi","[10, 34, 0]","[4, 13, 1]"
"Shakib Al Hasan","[11, 2, 10, 10, 2, 0, 3, 1]","[5, 4, 6, 8, 2, 1, 7, 5]"
"Shoaib Malik","[19]","[14]"
"Shubman Gill","[5, 12, 7, 1, 22, 9, 3, 14, 27, 15, 9, 2, 9, 12, 20, 7, 25, 24, 27, 13, 20, 33, 24, 26, 25, 14]","[5, 6, 5, 1, 15, 11, 4, 14, 18, 14, 15, 7, 8, 13, 17, 11, 20, 17, 18, 15, 21, 19, 14, 17, 20, 11]"
"Sohail Tanvir","[13]","[8]"
"Sunny Singh","[12, 3]","[6, 2]"
"T Banton","[10, 10]","[8, 14]"
"T Henderson","[3]","[10]"
"T Kohli","[8]","[13]"
"TD Paine","[3, 12]","[9, 20]"
"TL Suman","[20, 18, 29, 4, 0, 11, 12, 4, 0, 19, 6, 4, 5, 5, 5, 11, 6, 23, 1, 0, 9]","[13, 10, 19, 8, 1, 12, 15, 6, 1, 15, 6, 4, 6, 4, 9, 10, 14, 15, 4, 1, 12]"
"TM Dilshan","[4, 4, 36, 18, 7, 6, 9, 39, 11, 11, 24, 0, 0, 19, 7, 1, 11, 2, 8, 7, 0, 32, 0, 15, 16, 27, 37, 4, 18, 1, 36, 12, 15, 13, 10, 5, 0, 11, 25, 11, 14]","[5, 4, 15, 10, 10, 8, 8, 18, 11, 11, 14, 3, 1, 13, 11, 2, 11, 5, 14, 8, 1, 22, 1, 15, 9, 12, 21, 8, 13, 3, 21, 17, 15, 17, 7, 13, 8, 10, 21, 21, 19]"
"TM Head","[2, 0, 2, 2, 4]","[2, 1, 5, 4, 5]"
"TR Birt","[0]","[0]"
"UA Birla","[6]","[9]"
"UBT Chand","[0, 1, 19, 15, 0, 25, 0, 7, 4, 5, 8, 12, 17, 3, 5, 1, 2, 4, 2, 1]","[2, 7, 11, 18, 1, 20, 1, 8, 7, 5, 11, 10, 13, 10, 9, 1, 3, 2, 5, 5]"
"UT Khawaja","[25, 16, 11, 22, 22, 17]","[17, 6, 8, 17, 16, 15]"
"UT Yadav","[0]","[0]"
"V Kohli","[27, 28, 28, 0, 12, 27, 21, 6, 5, 1, 10, 21, 37, 27, 14, 18, 9, 28, 37, 35, 12, 4, 7, 21, 3, 25, 29, 12, 34, 9, 19, 9, 13, 23, 25, 16, 7, 6, 1, 6, 13, 11, 12, 17, 4, 5, 6, 21, 5, 15, 26, 4, 7, 10, 0, 23, 1, 2, 23, 14, 4, 10, 42, 1, 6, 10, 13, 22, 3, 19, 3, 6, 2, 12, 4, 16, 18, 10, 3, 22, 6, 24, 25, 12, 15, 11, 0, 4, 8, 5, 15, 5, 40, 11, 0, 9, 4, 1, 1, 0, 4, 1, 1, 5, 9, 0, 13, 22, 0, 5, 12, 6, 1, 27, 12, 15, 14, 19, 44, 1, 8, 12, 18, 24, 18, 29, 30, 14, 12, 21, 16, 8, 18, 20, 26, 17, 0]","[19, 19, 25, 1, 14, 17, 15, 6, 9, 3, 13, 16, 20, 18, 12, 15, 10, 16, 18, 22, 11, 9, 12, 10, 9, 24, 16, 11, 20, 10, 17, 8, 8, 15, 7, 7, 7, 5, 5, 9, 10, 9, 10, 9, 5, 2, 7, 12, 5, 19, 23, 8, 10, 9, 1, 22, 4, 5, 18, 19, 8, 13, 26, 5, 10, 10, 12, 20, 7, 18, 5, 14, 3, 6, 4, 16, 19, 15, 1, 14, 10, 14, 23, 15, 11, 9, 2, 6, 6, 3, 10, 6, 21, 8, 2, 13, 2, 6, 2, 1, 9, 3, 4, 8, 9, 1, 15, 21, 3, 10, 11, 9, 4, 17, 12, 16, 13, 9, 19, 2, 10, 9, 16, 16, 16, 21, 21, 17, 13, 16, 15, 8, 17, 12, 16, 14, 2]"
"V Sehwag","[12, 24, 8, 26, 40, 14, 25, 20, 1, 0, 29, 29, 18, 3, 41, 6, 8, 16, 20, 12, 4, 0, 15, 25, 8, 46, 26, 39, 3, 12, 8, 20, 35, 22, 0, 21, 4, 8, 19, 4, 23, 12, 35, 24, 33, 27, 15, 15, 2, 15, 0, 33, 7, 19, 4, 18, 29, 24, 27, 48, 23, 4, 8, 10, 3, 13, 26, 20, 40, 6, 16, 17, 7, 13, 18, 23, 0, 5, 19, 3, 24, 15, 19, 1, 34, 34, 33, 4, 19, 18, 19, 10, 3, 45, 8, 0, 36, 13, 11, 1, 2, 1, 6]","[4, 17, 7, 13, 20, 7, 18, 21, 2, 2, 13, 14, 6, 4, 18, 9, 6, 11, 11, 10, 8, 2, 7, 18, 6, 20, 15, 18, 7, 11, 3, 13, 22, 17, 1, 15, 4, 6, 16, 2, 12, 7, 18, 17, 20, 18, 9, 16, 4, 10, 1, 21, 5, 18, 2, 14, 14, 14, 18, 18, 9, 2, 9, 7, 8, 10, 22, 16, 24, 6, 15, 15, 14, 9, 10, 18, 2, 5, 10, 8, 19, 13, 12, 2, 25, 26, 24, 2, 19, 12, 9, 8, 3, 20, 10, 1, 18, 14, 10, 4, 3, 2, 5]"
"V Shankar","[7, 3, 5, 9, 3]","[7, 3, 7, 13, 7]"
"VH Zol","[9, 13]","[9, 12]"
"VVS Laxman","[0, 2, 13, 12, 38, 15, 10, 3, 1, 0, 22, 12, 10, 11, 4, 8, 25, 0, 13]","[6, 6, 11, 10, 26, 14, 10, 6, 1, 7, 14, 11, 7, 12, 7, 11, 19, 3, 10]"
"Vishnu Vinod","[7, 3]","[12, 9]"
"W Jaffer","[8, 16, 10, 5, 1, 26, 9, 8]","[18, 17, 9, 5, 5, 22, 10, 9]"
"WD Parnell","[17]","[15]"
"WP Saha","[14, 7, 0, 0, 33, 13, 6, 21, 27, 7, 0, 6, 20, 33, 26, 21, 8, 28, 23, 22, 7, 14, 27, 23, 6, 27, 14, 18, 2, 14, 2, 6, 15, 53, 17, 2, 7, 7, 16, 3, 18, 0, 2, 33, 15, 13, 1, 10, 8, 24]","[9, 5, 1, 1, 20, 13, 6, 18, 18, 8, 2, 9, 19, 13, 16, 11, 9, 17, 17, 10, 6, 17, 16, 13, 4, 12, 15, 18, 3, 10, 6, 11, 9, 23, 16, 5, 4, 5, 11, 8, 11, 1, 4, 14, 12, 8, 1, 10, 6, 10]"
"Washington Sundar","[16]","[17]"
"Y Gnaneswara Rao","[15]","[13]"
"Y Nagar","[0, 2]","[1, 2]"
"Y Venugopal Rao","[16, 12, 2, 8, 0, 3, 7, 7, 1, 7, 14, 9]","[14, 16, 3, 10, 1, 10, 14, 9, 2, 7, 11, 5]"
"YBK Jaiswal","[6, 12, 0]","[6, 20, 2]"
"YK Pathan","[21, 0, 0, 19, 4, 10, 8, 37, 21, 1, 32, 8, 2, 51, 9, 4, 0, 2, 1, 3, 5, 2, 20, 21, 0, 20, 0, 3, 12, 4, 21, 8, 4, 41]","[11, 0, 1, 13, 2, 5, 6, 16, 12, 3, 18, 13, 4, 18, 11, 3, 5, 4, 1, 8, 4, 2, 17, 7, 1, 16, 1, 4, 8, 1, 14, 6, 1, 20]"
"YV Takawale","[16, 21, 18, 33, 0, 0, 21, 19]","[21, 26, 22, 23, 3, 7, 18, 17]"
"Yashpal Singh","[12, 7]","[17, 20]"
"Younis Khan","[3]","[7]"
"Yuvraj Singh","[4, 10, 4, 0, 23, 5, 5, 6, 19, 1, 0, 0, 13, 5, 4, 4, 24, 0, 0, 7, 3, 16, 7, 1, 4, 0, 3, 8, 1, 1, 2, 21, 0, 6]","[3, 12, 4, 0, 8, 9, 5, 6, 20, 3, 1, 6, 9, 6, 6, 2, 16, 2, 1, 3, 4, 14, 5, 2, 2, 2, 7, 7, 4, 2, 4, 12, 5, 5]"
"Z Khan","[0]","[3]"
