"A Ashish Reddy","[20]","[0]","[6]","[0]"
"A Chandila","[13, 9, 11, 8, 14, 8, 4, 13, 13, 13, 23, 10]","[0, 0, 0, 0, 0, 2, 0, 0, 0, 0, 0, 0]","[12, 18, 6, 6, 18, 12, 6, 12, 18, 6, 12, 18]","[0, 4, 0, 0, 0, 2, 0, 1, 2, 0, 0, 1]"
"A Choudhary","[16, 10, 6, 14]","[1, 0, 0, 0]","[7, 12, 12, 6]","[1, 1, 1, 0]"
"A Dananjaya","[12]","[0]","[6]","[0]"
"A Flintoff","[8, 13]","[0, 0]","[6, 6]","[0, 0]"
"A Kumble","[10, 9, 2, 1, 4, 11, 6, 2, 9, 1, 3, 16, 6, 6, 4]","[6, 0, 0, 0, 0, 1, 0, 0, 0, 0, 0, 0, 0, 0, 0]","[13, 6, 6, 6, 6, 12, 6, 6, 6, 6, 6, 12, 6, 6, 6]","[0, 0, 0, 1, 0, 0, 0, 1, 0, 0, 0, 0, 0, 0, 1]"
"A Mishra","[24, 8, 21, 15, 14, 13, 5, 11, 8, 3, 6, 5, 4, 6, 9, 12]","[0, 0, 0, 0, 0, 2, 1, 1, 1, 2, 0, 0, 0, 0, 0, 0]","[6, 6, 12, 12, 6, 19, 12, 7, 13, 8, 6, 6, 6, 6, 6, 6]","[0, 0, 1, 0, 1, 1, 1, 1, 1, 0, 0, 0, 0, 0, 0, 0]"
"A Mithun","[13, 13, 19, 7, 5, 1, 13, 18, 16]","[2, 1, 1, 0, 1, 0, 0, 2, 0]","[8, 7, 7, 6, 6, 6, 6, 13, 12]","[0, 1, 0, 0, 0, 0, 0, 0, 0]"
"A Nehra","[27, 7, 26, 12, 24, 5, 21, 23, 16, 19, 9, 18, 12, 14, 14, 12, 11, 16, 13, 11, 24, 24, 9, 11, 14, 9, 17, 22, 28, 4, 4, 6, 18, 9, 14, 14, 22, 2, 12, 18, 19, 2, 9, 34, 16, 7, 14, 12, 10, 8, 20, 16, 22, 23, 27, 13, 13, 14, 14, 2, 20, 12, 10, 24, 17, 24, 21, 15, 17, 10, 15, 20, 29, 13, 28, 21, 4, 26, 18, 19, 20, 16, 22, 8, 15, 14, 20, 23]","[0, 1, 0, 1, 0, 1, 0, 2, 0, 0, 0, 0, 0, 0, 0, 3, 0, 0, 0, 1, 5, 1, 1, 1, 1, 2, 3, 2, 1, 0, 1, 0, 2, 1, 4, 0, 1, 0, 0, 0, 0, 0, 0, 0, 3, 1, 0, 0, 0, 0, 0, 5, 0, 0, 0, 2, 0, 1, 0, 0, 0, 0, 0, 1, 0, 0, 3, 1, 0, 1, 0, 0, 1, 0, 0, 0, 0, 3, 0, 1, 1, 6, 0, 0, 0, 0, 0, 0]","[12, 6, 12, 13, 12, 8, 12, 20, 12, 12, 6, 12, 12, 12, 12, 15, 12, 12, 12, 13, 13, 19, 19, 7, 13, 8, 15, 20, 13, 18, 13, 12, 14, 12, 12, 18, 12, 6, 12, 6, 12, 6, 12, 18, 6, 6, 6, 6, 12, 6, 18, 13, 12, 18, 12, 12, 12, 13, 6, 6, 12, 12, 12, 13, 18, 18, 21, 19, 12, 18, 18, 12, 18, 12, 12, 18, 6, 21, 18, 18, 13, 15, 18, 12, 18, 12, 12, 12]","[0, 0, 1, 0, 1, 1, 0, 1, 1, 0, 0, 1, 1, 0, 0, 0, 0, 0, 1, 1, 0, 1, 1, 0, 1, 0, 0, 2, 0, 1, 1, 1, 1, 0, 0, 2, 1, 0, 0, 0, 0, 0, 0, 0, 0, 0, 0, 0, 1, 0, 1, 0, 1, 1, 0, 0, 0, 1, 0, 0, 1, 1, 0, 0, 3, 0, 0, 2, 0, 2, 1, 0, 0, 0, 0, 0, 1, 0, 2, 1, 0, 0, 0, 0, 3, 1, 1, 0]"
"A Nel","[12]","[0]","[6]","[1]"
"A Nortje","[14, 10, 3, 18, 14, 20, 15, 18, 17, 17, 13, 9, 19, 9, 16, 12]","[4, 0, 0, 0, 0, 5, 2, 1, 0, 1, 0, 1, 0, 0, 0, 0]","[12, 12, 6, 12, 6, 12, 13, 12, 12, 12, 6, 13, 12, 6, 12, 6]","[0, 2, 0, 0, 0, 1, 1, 0, 0, 0, 0, 1, 1, 0, 0, 0]"
"A Singh","[9, 6, 13, 12, 16, 20, 2, 23, 23, 12, 10, 21, 8, 7, 20, 17, 22, 20, 20, 11, 16]","[3, 2, 0, 0, 0, 0, 1, 1, 5, 1, 0, 1, 1, 0, 0, 0, 0, 8, 0, 2, 4]","[12, 14, 12, 12, 18, 12, 13, 13, 19, 19, 6, 12, 13, 12, 18, 18, 12, 16, 12, 7, 6]","[2, 1, 1, 0, 1, 1, 0, 1, 0, 1, 0, 0, 1, 2, 1, 1, 0, 0, 0, 0, 0]"
"A Symonds","[5, 6, 2, 10, 2, 3, 5, 15, 16, 11, 9, 2, 10, 14]","[0, 2, 0, 1, 0, 0, 0, 0, 1, 0, 0, 0, 4, 1]","[6, 7, 6, 13, 6, 6, 6, 12, 13, 6, 6, 6, 13, 12]","[0, 0, 0, 2, 0, 0, 0, 2, 0, 0, 0, 0, 1, 0]"
"A Uniyal","[22]","[1]","[13]","[1]"
"A Zampa","[9]","[6]","[7]","[0]"
"AA Chavan","[14, 12, 16, 23, 4, 13, 15, 8, 6, 10, 18, 25]","[4, 0, 2, 2, 1, 0, 0, 0, 3, 1, 1, 0]","[6, 18, 19, 12, 7, 12, 12, 6, 7, 19, 13, 18]","[0, 0, 1, 0, 0, 1, 1, 0, 0, 0, 0, 0]"
"AA Jhunjhunwala","[16, 6, 12, 13]","[2, 0, 0, 0]","[8, 6, 12, 6]","[0, 0, 0, 0]"
"AA Noffke","[23]","[6]","[7]","[0]"
"AB Agarkar","[8, 16, 10, 7, 12, 23, 5, 7, 16, 14, 23, 7, 13, 10, 8, 8, 11, 14, 16, 11, 7, 9, 12, 15, 13]","[0, 0, 1, 3, 0, 1, 2, 1, 0, 1, 4, 1, 6, 0, 2, 0, 0, 0, 2, 1, 0, 0, 0, 0, 0]","[6, 6, 6, 15, 6, 13, 8, 6, 6, 7, 16, 6, 7, 6, 7, 6, 6, 12, 13, 6, 6, 6, 6, 6, 6]","[1, 0, 0, 1, 0, 0, 0, 0, 0, 0, 0, 1, 0, 0, 0, 1, 1, 1, 0, 0, 0, 0, 0, 0, 0]"
"AB Dinda","[20, 14, 18, 9, 18, 25, 4, 15, 14, 12, 25, 15, 6, 9, 24, 15, 24, 12, 26, 17, 15, 8, 19, 19, 7, 8, 25, 12, 12, 8, 21, 12, 20, 34, 7, 5, 8, 7, 16, 13, 28, 14, 28, 17, 17, 19, 4, 8, 5, 4, 13, 4, 9, 21, 12, 14, 16, 24, 21, 11, 18, 19, 21, 19, 11, 13, 12, 10]","[1, 0, 3, 2, 1, 6, 0, 1, 2, 1, 1, 1, 0, 0, 0, 0, 1, 2, 2, 0, 0, 1, 0, 2, 1, 0, 1, 0, 1, 1, 6, 1, 0, 7, 2, 1, 0, 0, 4, 0, 1, 1, 1, 0, 1, 0, 1, 1, 0, 0, 0, 0, 0, 0, 0, 1, 1, 3, 1, 4, 1, 1, 2, 0, 1, 0, 0, 0]","[13, 12, 14, 20, 19, 20, 6, 13, 13, 13, 19, 12, 6, 12, 18, 12, 13, 13, 14, 12, 12, 13, 12, 14, 12, 12, 13, 12, 13, 12, 14, 12, 12, 20, 14, 12, 12, 6, 15, 12, 13, 13, 13, 12, 7, 12, 13, 6, 6, 6, 12, 6, 6, 12, 6, 13, 13, 14, 13, 12, 13, 13, 20, 18, 19, 6, 18, 12]","[0, 1, 0, 2, 1, 0, 1, 0, 1, 0, 2, 0, 0, 0, 2, 0, 0, 1, 0, 0, 0, 1, 1, 0, 1, 1, 0, 0, 0, 0, 1, 1, 0, 1, 2, 1, 1, 0, 1, 0, 0, 1, 0, 0, 0, 0, 1, 0, 0, 1, 1, 0, 1, 1, 0, 0, 1, 0, 0, 2, 0, 1, 1, 0, 0, 0, 2, 0]"
"AB McDonald","[25, 9, 4, 11, 6, 9]","[1, 0, 0, 0, 0, 0]","[13, 6, 6, 6, 6, 6]","[1, 0, 1, 0, 0, 1]"
"AC Thomas","[8, 22, 22, 7, 9, 9, 6, 9, 10, 22, 17, 7, 15, 13, 20]","[0, 0, 0, 0, 0, 1, 0, 0, 0, 1, 2, 0, 2, 2, 2]","[12, 12, 12, 12, 6, 13, 12, 12, 12, 13, 18, 12, 13, 12, 14]","[2, 1, 0, 0, 0, 0, 0, 1, 1, 1, 0, 1, 1, 0, 0]"
"AC Voges","[9, 17]","[1, 0]","[7, 6]","[0, 0]"
"AD Mascarenhas","[20, 10, 26, 15, 22, 23, 13, 28, 9, 1, 18, 8, 13]","[0, 0, 1, 0, 0, 0, 0, 1, 0, 0, 0, 0, 0]","[12, 18, 18, 12, 18, 18, 6, 18, 12, 6, 12, 6, 12]","[0, 3, 1, 0, 2, 0, 0, 2, 1, 2, 1, 0, 0]"
"AD Mathews","[9, 2, 4, 14, 16, 10, 20, 12, 10, 2, 8, 7, 3, 2, 9, 12, 24, 10, 11]","[1, 0, 0, 0, 1, 0, 0, 0, 1, 0, 0, 0, 0, 0, 0, 0, 2, 0, 0]","[7, 6, 6, 6, 6, 6, 6, 12, 6, 6, 6, 6, 6, 6, 6, 6, 14, 6, 6]","[0, 1, 0, 0, 0, 0, 0, 1, 0, 0, 0, 0, 0, 1, 1, 0, 0, 1, 1]"
"AD Russell","[16, 10, 25, 31, 5, 14, 4, 20, 9, 9, 7, 14, 15, 16, 13, 21, 13, 3, 6, 8, 3, 14, 9, 14, 8, 18, 9, 8, 24, 17, 4, 17, 11, 8, 12, 12, 24]","[0, 0, 3, 0, 0, 0, 0, 6, 0, 0, 0, 0, 0, 0, 0, 0, 0, 0, 0, 0, 1, 0, 1, 0, 0, 1, 0, 0, 2, 0, 0, 0, 1, 6, 5, 1, 1]","[12, 6, 15, 11, 6, 12, 6, 8, 6, 6, 6, 12, 12, 6, 6, 6, 6, 6, 6, 6, 7, 12, 7, 6, 6, 19, 6, 6, 20, 12, 6, 18, 19, 13, 13, 12, 12]","[0, 0, 1, 0, 0, 2, 1, 0, 0, 0, 1, 0, 1, 0, 0, 0, 0, 0, 0, 0, 0, 0, 0, 1, 0, 0, 0, 0, 3, 0, 0, 2, 0, 2, 0, 1, 0]"
"AF Milne","[20, 13, 17, 25]","[4, 1, 1, 5]","[12, 13, 7, 13]","[0, 0, 0, 0]"
"AG Murtaza","[1, 6, 10, 4, 2, 9, 6, 11, 3]","[0, 0, 0, 0, 0, 0, 0, 0, 1]","[6, 6, 12, 6, 6, 12, 12, 12, 7]","[1, 0, 1, 0, 0, 0, 0, 0, 1]"
"AJ Finch","[3]","[0]","[6]","[0]"
"AJ Tye","[4, 9, 3, 14, 1, 9, 6, 10, 7, 7, 8, 15, 5, 14, 12, 26, 5, 10, 2, 15, 18, 15, 8]","[0, 0, 0, 0, 0, 0, 1, 0, 0, 0, 1, 2, 0, 0, 0, 1, 0, 2, 0, 0, 0, 0, 1]","[6, 6, 6, 6, 6, 6, 7, 6, 6, 6, 7, 13, 6, 12, 6, 18, 12, 8, 6, 6, 6, 6, 7]","[1, 0, 0, 0, 2, 0, 0, 0, 1, 0, 0, 1, 0, 1, 1, 0, 3, 0, 0, 0, 0, 1, 1]"
"AL Menaria","[18, 8, 10, 17, 2]","[2, 0, 0, 1, 0]","[13, 12, 6, 13, 6]","[0, 1, 0, 0, 0]"
"AM Nayar","[10]","[0]","[6]","[0]"
"AM Salvi","[11, 12, 5, 18, 12, 11, 10]","[0, 0, 1, 0, 1, 0, 1]","[6, 6, 6, 18, 13, 12, 6]","[0, 0, 0, 0, 0, 1, 0]"
"AN Ahmed","[11, 12, 8, 3, 15, 27, 17, 10, 22, 10, 4, 6, 7, 7, 9, 19]","[6, 2, 0, 1, 0, 7, 1, 0, 0, 5, 1, 0, 1, 0, 0, 0]","[12, 7, 6, 6, 12, 8, 13, 6, 18, 7, 6, 6, 6, 6, 12, 12]","[2, 0, 0, 0, 1, 0, 0, 0, 0, 0, 0, 0, 0, 0, 0, 0]"
"AP Dole","[25, 25, 12]","[1, 2, 2]","[13, 14, 8]","[2, 0, 0]"
"AR Patel","[3, 2, 5, 17, 10, 7, 17, 10, 7, 14, 9, 13, 1, 21, 10, 10, 2, 7, 11, 7, 3, 7, 9, 12, 11, 6, 12, 3, 9, 6, 7, 8, 10, 3, 6, 9, 15, 5, 2, 8, 14, 10, 5, 6, 2, 16, 7, 4, 10]","[0, 0, 0, 0, 0, 0, 0, 0, 1, 0, 0, 5, 0, 0, 0, 0, 0, 0, 0, 0, 0, 1, 0, 0, 0, 0, 0, 0, 5, 0, 0, 1, 0, 0, 0, 2, 0, 0, 0, 1, 0, 0, 0, 0, 0, 0, 0, 0, 0]","[6, 6, 6, 6, 6, 6, 6, 6, 12, 6, 6, 13, 6, 12, 6, 6, 6, 6, 6, 6, 6, 6, 6, 12, 12, 6, 6, 6, 7, 6, 6, 7, 6, 6, 6, 6, 6, 6, 6, 6, 6, 6, 6, 6, 6, 6, 6, 6, 6]","[0, 1, 0, 0, 0, 1, 0, 1, 1, 0, 0, 0, 0, 0, 0, 0, 1, 0, 0, 0, 0, 1, 0, 1, 1, 1, 0, 0, 0, 0, 0, 0, 0, 0, 0, 0, 1, 0, 0, 0, 0, 0, 0, 0, 0, 0, 0, 0, 0]"
"AS Joseph","[0, 9, 25]","[0, 0, 0]","[6, 6, 12]","[1, 0, 0]"
"AS Rajpoot","[16, 15, 9, 19, 17, 16, 28, 12, 16, 37, 34, 20, 25, 11, 25, 8, 37, 26, 11, 20, 17]","[1, 2, 0, 0, 4, 1, 1, 0, 4, 0, 3, 2, 1, 1, 2, 0, 7, 2, 1, 2, 1]","[12, 20, 18, 12, 6, 7, 13, 18, 19, 18, 20, 13, 13, 7, 13, 6, 21, 19, 6, 13, 12]","[0, 2, 3, 0, 0, 0, 0, 2, 0, 0, 0, 0, 0, 0, 0, 0, 0, 1, 0, 1, 0]"
"Anand Rajan","[11, 11, 10, 1, 14]","[1, 1, 0, 0, 2]","[7, 7, 6, 6, 20]","[0, 0, 0, 0, 0]"
"Ankit Sharma","[16, 11, 2, 9, 13, 4, 11, 3, 6, 10, 17, 10, 9, 10, 13, 8]","[0, 0, 0, 0, 0, 0, 0, 0, 0, 0, 0, 0, 0, 0, 2, 0]","[6, 6, 6, 18, 12, 6, 12, 6, 6, 6, 18, 12, 6, 12, 8, 6]","[0, 0, 1, 0, 0, 0, 1, 1, 0, 0, 2, 0, 0, 1, 0, 0]"
"Ankit Soni","[3]","[0]","[6]","[1]"
"Anureet Singh","[10, 11, 12, 6, 10, 15, 13, 8, 4, 10, 11, 13, 7, 15, 17, 17, 9, 11]","[0, 0, 2, 0, 1, 0, 1, 0, 0, 1, 1, 2, 1, 0, 1, 1, 0, 1]","[6, 12, 8, 12, 13, 12, 12, 6, 6, 6, 13, 12, 6, 6, 12, 6, 12, 6]","[0, 1, 0, 1, 1, 0, 0, 0, 1, 1, 0, 0, 0, 1, 0, 1, 0, 0]"
"Arshdeep Singh","[30, 25, 25, 11, 14, 18, 2, 20, 20, 18]","[3, 7, 1, 1, 2, 1, 0, 1, 0, 0]","[20, 14, 12, 7, 13, 13, 12, 13, 12, 12]","[1, 0, 0, 0, 2, 0, 1, 1, 0, 0]"
"Avesh Khan","[6, 26, 12, 12, 36, 37, 28, 12, 12, 11]","[0, 0, 0, 0, 0, 1, 0, 0, 0, 1]","[12, 18, 12, 12, 12, 13, 12, 6, 6, 13]","[1, 1, 1, 0, 0, 0, 0, 0, 0, 1]"
"Azhar Mahmood","[11, 3, 9, 6, 14, 1, 3, 10, 8, 8, 20, 4, 17, 19, 10, 11, 9]","[1, 0, 6, 0, 1, 0, 0, 0, 1, 0, 0, 0, 0, 0, 0, 0, 0]","[7, 6, 8, 6, 13, 6, 6, 6, 12, 6, 12, 6, 12, 18, 12, 6, 6]","[0, 1, 0, 1, 0, 0, 1, 0, 1, 0, 0, 0, 2, 0, 0, 0, 0]"
"B Akhil","[12]","[0]","[6]","[0]"
"B Geeves","[24, 26]","[0, 1]","[12, 13]","[1, 0]"
"B Kumar","[16, 15, 13, 8, 8, 11, 11, 13, 9, 15, 9, 3, 11, 11, 16, 12, 7, 9, 8, 16, 8, 16, 17, 8, 25, 9, 10, 10, 14, 9, 10, 17, 16, 7, 10, 6, 14, 10, 18, 7, 27, 4, 7, 9, 18, 10, 5, 12, 10, 1, 5, 22, 12, 5, 4, 10, 9, 29, 17, 5, 9, 16, 13, 8, 6, 13, 16, 8, 25, 3, 13, 17, 13, 4, 15, 12, 14, 8, 12, 17, 3, 7, 12, 15, 14, 23, 10, 12, 20, 15, 17, 14, 18, 7, 11, 14, 9, 16, 16, 17, 7, 10, 39, 13, 19, 13, 4, 15, 13, 8, 20, 16, 16, 6, 12, 10, 12, 19, 12, 10]","[1, 1, 1, 1, 1, 1, 0, 1, 0, 0, 0, 1, 0, 0, 1, 0, 0, 0, 0, 0, 1, 0, 1, 1, 1, 0, 0, 1, 0, 0, 0, 0, 1, 0, 1, 0, 0, 0, 1, 1, 1, 0, 0, 1, 1, 0, 0, 0, 0, 0, 0, 1, 0, 0, 1, 7, 0, 3, 0, 0, 1, 0, 1, 0, 1, 1, 1, 1, 8, 0, 1, 1, 0, 3, 9, 0, 2, 0, 1, 1, 2, 1, 2, 1, 0, 0, 0, 1, 0, 0, 7, 0, 1, 2, 2, 4, 1, 2, 0, 0, 0, 0, 0, 1, 1, 0, 0, 1, 0, 0, 1, 0, 0, 1, 0, 1, 6, 0, 0, 1]","[13, 12, 12, 12, 12, 12, 12, 12, 6, 12, 12, 7, 6, 6, 13, 12, 12, 12, 12, 12, 12, 12, 13, 19, 12, 18, 12, 13, 12, 12, 12, 18, 13, 12, 7, 12, 12, 12, 13, 13, 13, 12, 12, 13, 13, 12, 6, 12, 12, 6, 6, 13, 12, 6, 6, 9, 12, 13, 12, 6, 12, 12, 13, 6, 19, 19, 12, 19, 21, 12, 13, 13, 12, 8, 13, 12, 18, 12, 13, 12, 14, 19, 20, 12, 18, 12, 12, 12, 12, 12, 14, 12, 18, 13, 7, 15, 13, 13, 12, 12, 12, 12, 11, 13, 13, 12, 12, 12, 12, 12, 13, 18, 12, 18, 12, 12, 14, 12, 12, 13]","[0, 1, 0, 1, 2, 0, 0, 1, 0, 0, 0, 0, 0, 2, 1, 1, 0, 1, 0, 0, 0, 0, 0, 1, 0, 0, 0, 0, 0, 1, 0, 0, 0, 0, 0, 1, 0, 0, 0, 2, 0, 1, 1, 0, 0, 0, 0, 0, 0, 0, 0, 0, 2, 1, 0, 0, 1, 0, 0, 0, 0, 0, 1, 0, 2, 3, 1, 0, 0, 0, 0, 0, 1, 0, 0, 0, 1, 0, 0, 0, 1, 2, 1, 0, 1, 1, 0, 1, 0, 0, 0, 0, 0, 1, 0, 0, 1, 1, 0, 1, 1, 0, 1, 0, 1, 0, 1, 1, 1, 1, 0, 2, 1, 1, 0, 0, 0, 0, 0, 1]"
"B Laughlin","[12, 21, 13, 5, 10]","[1, 1, 0, 0, 0]","[7, 12, 6, 6, 6]","[0, 2, 0, 1, 0]"
"B Lee","[21, 26, 6, 14, 16, 9, 13, 12, 13, 24, 10, 14, 15, 8, 11, 21, 9, 15, 12, 10, 6, 31, 16, 23, 14, 15, 12, 13, 17, 11, 16, 12, 17, 23, 33, 18, 14, 10]","[2, 3, 1, 1, 2, 2, 3, 0, 0, 5, 0, 0, 0, 2, 1, 1, 1, 1, 0, 0, 1, 1, 0, 2, 0, 0, 0, 0, 2, 0, 1, 0, 2, 0, 2, 1, 2, 1]","[19, 20, 12, 12, 14, 14, 14, 12, 12, 13, 6, 12, 12, 13, 13, 12, 13, 13, 12, 12, 18, 19, 12, 12, 6, 12, 12, 18, 13, 12, 13, 12, 12, 12, 19, 12, 19, 13]","[1, 1, 2, 1, 0, 1, 1, 0, 0, 0, 0, 0, 0, 0, 0, 0, 0, 0, 0, 0, 0, 1, 0, 0, 0, 0, 0, 0, 1, 0, 0, 1, 0, 0, 0, 1, 1, 0]"
"B Stanlake","[23, 25, 19, 25, 11, 8]","[1, 1, 1, 1, 0, 1]","[19, 19, 13, 13, 12, 13]","[1, 0, 0, 1, 0, 0]"
"BA Bhatt","[7, 11, 14, 2, 7, 17, 10, 11, 14, 8, 6, 9]","[0, 0, 0, 0, 0, 1, 0, 0, 0, 0, 0, 0]","[6, 12, 12, 6, 6, 13, 6, 6, 12, 6, 6, 6]","[0, 2, 0, 1, 0, 0, 0, 1, 0, 0, 0, 0]"
"BA Stokes","[13, 10, 8, 2, 3, 6, 0, 11, 16, 8, 14, 6, 15, 27, 6, 8, 8, 6, 13, 9, 17, 14, 13, 11, 15, 13]","[0, 0, 0, 0, 0, 0, 0, 0, 4, 0, 1, 0, 1, 0, 0, 0, 1, 0, 1, 1, 0, 0, 0, 0, 0, 1]","[6, 6, 6, 6, 6, 6, 6, 6, 12, 6, 6, 6, 7, 12, 6, 6, 7, 6, 19, 7, 6, 6, 6, 6, 6, 7]","[0, 0, 0, 0, 1, 0, 1, 0, 0, 2, 0, 1, 0, 0, 1, 0, 0, 0, 2, 0, 0, 1, 0, 0, 0, 0]"
"BAW Mendis","[13, 18, 5, 5, 20, 4, 2]","[0, 0, 1, 0, 0, 0, 0]","[12, 4, 7, 6, 12, 12, 6]","[0, 0, 0, 0, 1, 0, 1]"
"BB Sran","[9, 23, 9, 6, 18, 28, 15, 14, 24, 21, 20, 19, 24, 20, 1, 5, 9, 16, 15, 23, 9]","[0, 5, 1, 0, 0, 2, 0, 0, 1, 5, 1, 3, 0, 0, 0, 0, 0, 1, 1, 4, 1]","[6, 14, 19, 6, 6, 19, 6, 6, 13, 13, 19, 15, 12, 12, 6, 6, 6, 13, 12, 12, 7]","[0, 0, 1, 0, 0, 0, 0, 0, 0, 0, 0, 1, 0, 0, 1, 0, 0, 1, 1, 1, 0]"
"BCJ Cutting","[5, 13, 10, 17, 10]","[1, 1, 0, 0, 0]","[7, 7, 6, 12, 6]","[0, 0, 0, 0, 0]"
"BE Hendricks","[23, 21, 11, 10, 18, 6, 19]","[0, 6, 0, 0, 1, 0, 1]","[12, 14, 6, 6, 7, 6, 13]","[0, 0, 0, 0, 0, 0, 1]"
"BJ Hodge","[8, 2, 9, 12, 22, 3]","[2, 0, 0, 4, 0, 0]","[7, 6, 6, 6, 6, 6]","[0, 0, 0, 0, 0, 0]"
"BW Hilfenhaus","[12, 18, 9, 14, 18, 16, 28, 18, 15, 2, 27, 9, 9, 7, 17, 20, 21]","[0, 0, 5, 1, 1, 1, 2, 3, 2, 0, 1, 0, 2, 1, 5, 3, 1]","[12, 18, 18, 19, 12, 18, 14, 20, 19, 6, 19, 6, 12, 13, 13, 20, 13]","[0, 1, 2, 3, 0, 0, 0, 1, 1, 0, 0, 1, 2, 1, 0, 1, 0]"
"Basil Thampi","[9, 23, 13, 15, 11, 24, 13, 10, 20, 8, 15, 17, 20]","[0, 1, 0, 0, 1, 1, 0, 1, 2, 0, 0, 0, 0]","[6, 13, 12, 6, 6, 19, 6, 13, 13, 6, 6, 6, 12]","[0, 0, 0, 0, 0, 1, 0, 1, 0, 0, 0, 0, 0]"
"Bipul Sharma","[15, 13, 2, 6, 8, 9, 11, 2, 5, 6]","[0, 1, 0, 0, 1, 0, 0, 0, 0, 0]","[12, 12, 2, 12, 7, 6, 6, 6, 6, 6]","[0, 1, 0, 1, 1, 0, 0, 1, 1, 0]"
"C de Grandhomme","[3, 10]","[0, 2]","[6, 8]","[0, 0]"
"CH Gayle","[6, 9, 13, 8, 16, 17, 35, 6, 12, 3, 2, 18]","[0, 0, 2, 1, 0, 1, 10, 0, 1, 0, 0, 6]","[6, 6, 14, 7, 12, 6, 20, 6, 7, 6, 6, 12]","[0, 0, 0, 0, 1, 0, 1, 1, 0, 0, 0, 0]"
"CH Morris","[13, 19, 7, 7, 12, 13, 4, 13, 15, 20, 17, 7, 6, 11, 20, 16, 18, 11, 7, 16, 10, 4, 5, 19, 20, 8, 4, 14, 7, 15, 16, 10, 13, 9, 16, 26, 14, 12, 24, 10, 5, 11, 12, 5, 24, 19, 17, 7, 16, 15, 12, 5, 18, 2, 12, 12, 17, 17, 13, 31]","[1, 1, 0, 0, 0, 1, 0, 0, 0, 0, 0, 0, 0, 0, 0, 4, 1, 0, 0, 0, 1, 2, 0, 4, 1, 2, 0, 1, 0, 0, 0, 0, 1, 1, 1, 1, 2, 2, 3, 1, 0, 0, 0, 0, 2, 1, 9, 1, 4, 1, 1, 0, 1, 0, 0, 1, 4, 0, 3, 5]","[12, 13, 6, 6, 12, 13, 6, 12, 6, 12, 12, 6, 6, 12, 12, 6, 13, 6, 6, 6, 7, 13, 6, 16, 12, 14, 6, 13, 6, 12, 12, 12, 13, 12, 7, 12, 13, 14, 13, 7, 6, 6, 6, 12, 19, 12, 13, 13, 14, 13, 13, 6, 12, 6, 6, 12, 12, 12, 14, 19]","[1, 1, 1, 0, 1, 1, 0, 0, 0, 1, 0, 0, 0, 0, 1, 0, 1, 0, 0, 0, 0, 0, 0, 0, 0, 1, 0, 0, 0, 1, 0, 1, 1, 1, 0, 1, 1, 0, 0, 0, 0, 0, 0, 1, 2, 0, 0, 1, 1, 0, 0, 0, 0, 0, 0, 0, 1, 0, 1, 1]"
"CJ Anderson","[7, 10, 14, 9, 17, 15, 28, 21]","[0, 0, 0, 1, 3, 1, 0, 0]","[5, 6, 6, 7, 14, 12, 12, 12]","[0, 0, 0, 1, 0, 0, 0, 1]"
"CJ Dala","[17]","[1]","[7]","[0]"
"CJ Green","[16]","[0]","[12]","[0]"
"CJ Jordan","[10, 18, 8, 11, 19, 11, 4, 12, 9, 13, 12, 12, 8]","[2, 4, 1, 0, 0, 2, 0, 0, 0, 1, 2, 0, 1]","[7, 12, 7, 6, 6, 8, 6, 6, 6, 7, 8, 6, 7]","[1, 0, 0, 0, 0, 1, 0, 1, 1, 0, 0, 0, 0]"
"CJ McKay","[12, 14]","[0, 0]","[6, 6]","[0, 0]"
"CK Langeveldt","[8, 20, 9, 23, 13, 9, 17]","[0, 2, 0, 1, 1, 1, 4]","[12, 14, 12, 13, 13, 12, 14]","[2, 0, 1, 1, 0, 1, 1]"
"CR Brathwaite","[5, 14, 7, 4]","[0, 0, 0, 0]","[6, 6, 6, 6]","[0, 0, 0, 1]"
"CR Woakes","[12, 18, 15, 9, 20, 10, 17, 12, 20, 24, 16, 16, 16, 6, 9]","[0, 6, 1, 0, 0, 0, 0, 0, 0, 0, 0, 3, 0, 1, 1]","[6, 16, 7, 6, 12, 6, 6, 6, 12, 12, 6, 14, 12, 6, 12]","[0, 0, 0, 0, 0, 0, 0, 1, 0, 1, 0, 1, 0, 0, 1]"
"CRD Fernando","[11, 2, 3, 4, 19, 9, 18, 13, 11]","[1, 0, 1, 2, 1, 0, 0, 0, 2]","[7, 6, 7, 7, 12, 12, 12, 12, 7]","[0, 2, 2, 1, 1, 1, 0, 0, 0]"
"CV Varun","[25, 7, 10, 13, 2, 4, 7]","[0, 0, 0, 0, 0, 0, 0]","[6, 6, 6, 12, 6, 6, 6]","[0, 0, 0, 1, 0, 0, 0]"
"D Wiese","[3, 7, 4, 7, 13, 6, 4, 12, 8]","[1, 1, 1, 0, 0, 1, 0, 2, 0]","[6, 6, 7, 6, 12, 7, 6, 7, 6]","[1, 0, 1, 1, 1, 0, 1, 1, 0]"
"D du Preez","[2, 10]","[0, 0]","[12, 6]","[3, 0]"
"DAJ Bracewell","[7]","[0]","[6]","[0]"
"DE Bollinger","[7, 16, 22, 10, 15, 13, 12, 5, 12, 20, 9, 6, 12, 12, 6, 13, 19, 20, 30, 14, 14, 21, 21, 18, 17, 27, 13]","[4, 0, 2, 1, 2, 1, 1, 0, 1, 5, 1, 0, 0, 1, 0, 2, 1, 3, 1, 5, 0, 2, 3, 0, 1, 1, 1]","[12, 12, 14, 18, 19, 13, 18, 12, 12, 13, 6, 12, 6, 12, 6, 13, 12, 14, 19, 13, 6, 13, 14, 12, 13, 12, 13]","[0, 0, 0, 1, 2, 0, 2, 1, 0, 1, 0, 2, 0, 0, 0, 1, 0, 0, 0, 0, 0, 0, 1, 0, 0, 0, 0]"
"DJ Bravo","[8, 2, 8, 5, 5, 9, 16, 8, 24, 5, 12, 1, 13, 17, 7, 7, 6, 12, 7, 13, 4, 14, 3, 10, 8, 15, 15, 10, 16, 5]","[6, 0, 0, 0, 1, 1, 1, 1, 1, 1, 1, 0, 0, 2, 0, 0, 0, 0, 2, 0, 0, 1, 1, 0, 0, 0, 0, 0, 0, 0]","[8, 6, 6, 6, 7, 13, 13, 6, 13, 7, 7, 6, 12, 14, 6, 12, 6, 6, 8, 6, 6, 7, 7, 6, 6, 6, 6, 6, 6, 6]","[0, 1, 0, 1, 0, 1, 1, 0, 1, 1, 0, 1, 1, 2, 0, 1, 0, 0, 0, 0, 1, 0, 0, 0, 0, 0, 0, 1, 0, 0]"
"DJ Hooda","[17, 5, 6, 11, 13, 9, 2, 7, 8]","[0, 0, 1, 0, 0, 0, 1, 0, 0]","[6, 6, 7, 6, 6, 6, 7, 6, 6]","[0, 0, 0, 0, 0, 0, 0, 1, 0]"
"DJ Hussey","[10, 6, 15, 15, 12]","[0, 0, 0, 2, 0]","[6, 6, 6, 7, 12]","[0, 0, 0, 0, 0]"
"DJ Muthuswami","[21, 26, 21, 10, 7, 14]","[4, 2, 1, 0, 0, 0]","[12, 18, 12, 12, 12, 6]","[0, 0, 0, 2, 1, 0]"
"DJ Willey","[16, 13, 10]","[1, 0, 0]","[12, 6, 6]","[0, 0, 0]"
"DJG Sammy","[19, 8, 7]","[1, 0, 0]","[13, 6, 6]","[0, 1, 0]"
"DL Chahar","[21, 36, 18, 14, 18, 37, 22, 7, 20, 19, 8, 23, 21, 28, 22, 14, 15, 10, 22, 27, 15, 26, 22, 31, 17, 23, 36, 32, 18, 24, 16, 22, 20, 28, 33, 19, 13, 18, 18, 30, 10, 22, 16, 20, 15, 19, 24, 13, 22]","[0, 3, 0, 0, 1, 1, 2, 0, 0, 1, 3, 2, 2, 0, 2, 1, 1, 1, 1, 1, 2, 1, 0, 0, 1, 2, 1, 0, 0, 0, 1, 1, 0, 0, 2, 0, 1, 1, 1, 0, 1, 2, 1, 0, 0, 2, 0, 0, 4]","[12, 20, 12, 18, 7, 19, 20, 18, 12, 14, 19, 20, 19, 18, 20, 19, 19, 19, 18, 19, 19, 18, 12, 18, 19, 20, 19, 18, 18, 18, 19, 19, 12, 18, 20, 12, 18, 18, 19, 18, 19, 20, 18, 12, 12, 12, 18, 12, 15]","[0, 1, 0, 1, 0, 0, 2, 3, 0, 0, 1, 1, 1, 1, 0, 0, 1, 2, 1, 0, 3, 1, 0, 1, 1, 0, 1, 1, 0, 1, 1, 1, 0, 1, 0, 0, 2, 0, 1, 0, 1, 0, 2, 0, 0, 0, 0, 0, 0]"
"DL Vettori","[10, 15, 7, 11, 7, 9, 8, 6, 9, 10, 4, 2]","[0, 1, 0, 0, 0, 1, 0, 0, 0, 0, 0, 0]","[6, 7, 6, 12, 6, 12, 6, 6, 12, 6, 6, 6]","[0, 0, 0, 0, 0, 0, 1, 1, 0, 0, 0, 0]"
"DNT Zoysa","[12, 10, 23]","[1, 0, 0]","[13, 12, 12]","[0, 0, 0]"
"DP Nannes","[10, 20, 12, 14, 15, 13, 24, 3, 3, 19, 10, 17, 21, 6, 7, 19, 6, 14, 12, 6, 14, 10, 16, 0, 15, 16, 10, 27, 18]","[4, 0, 0, 2, 0, 1, 1, 1, 1, 1, 4, 5, 1, 4, 0, 4, 1, 0, 2, 1, 2, 0, 0, 0, 1, 0, 1, 2, 12]","[8, 12, 12, 14, 18, 13, 13, 13, 13, 13, 14, 22, 7, 13, 12, 13, 13, 6, 12, 13, 13, 12, 6, 6, 18, 18, 13, 19, 9]","[0, 0, 1, 0, 2, 0, 0, 2, 1, 0, 1, 2, 0, 0, 1, 0, 1, 0, 0, 1, 1, 0, 0, 1, 1, 2, 0, 0, 0]"
"DP Vijaykumar","[7, 18, 10, 11, 15, 11, 24, 11, 19]","[1, 1, 0, 0, 0, 1, 0, 0, 1]","[6, 18, 6, 12, 18, 7, 12, 12, 13]","[0, 1, 0, 0, 1, 0, 0, 0, 1]"
"DR Sams","[10, 13, 15]","[1, 2, 0]","[13, 14, 6]","[0, 0, 0]"
"DR Smith","[17, 17, 13, 11, 14, 10, 14, 7, 2, 8, 10]","[0, 0, 0, 2, 1, 0, 0, 1, 0, 0, 0]","[6, 6, 6, 7, 6, 6, 6, 6, 6, 6, 6]","[0, 0, 0, 0, 0, 0, 0, 1, 1, 2, 1]"
"DS Kulkarni","[20, 11, 20, 10, 9, 14, 14, 5, 14, 20, 26, 20, 17, 26, 13, 23, 13, 16, 31, 14, 18, 20, 22, 26, 13, 10, 5, 17, 8, 5, 17, 6, 9, 9, 17, 17, 25, 23, 36, 28, 6, 15, 9, 5, 9, 10, 13, 1, 23, 10, 12, 12, 12, 9, 6, 7, 6, 19, 7, 11, 26, 12, 18, 6, 6, 17, 17, 18, 22, 10, 16, 17, 11, 15, 12, 25, 20, 24, 10, 14, 11, 30, 23, 9, 16]","[0, 0, 0, 0, 2, 0, 1, 2, 0, 0, 0, 0, 0, 0, 2, 1, 0, 1, 1, 0, 0, 0, 0, 0, 1, 1, 0, 1, 0, 0, 0, 0, 1, 0, 1, 0, 0, 0, 0, 5, 0, 0, 0, 0, 2, 1, 1, 1, 0, 0, 1, 1, 0, 1, 0, 0, 0, 0, 1, 1, 1, 1, 0, 0, 0, 4, 4, 2, 0, 0, 6, 4, 0, 0, 0, 1, 0, 0, 0, 0, 0, 1, 0, 1, 0]","[12, 6, 12, 6, 14, 12, 13, 7, 6, 12, 18, 12, 12, 18, 14, 13, 18, 13, 19, 18, 12, 18, 12, 12, 13, 7, 6, 7, 6, 6, 6, 6, 13, 18, 18, 12, 18, 12, 18, 19, 6, 12, 6, 6, 13, 19, 13, 7, 12, 6, 7, 18, 4, 12, 12, 12, 6, 12, 12, 13, 13, 13, 6, 12, 12, 12, 12, 13, 12, 6, 13, 12, 18, 12, 18, 19, 18, 12, 12, 12, 12, 19, 12, 18, 12]","[0, 0, 0, 0, 0, 0, 0, 0, 0, 0, 1, 0, 1, 0, 1, 0, 1, 0, 0, 1, 0, 0, 0, 0, 0, 1, 1, 0, 0, 0, 0, 0, 1, 0, 1, 1, 0, 0, 1, 1, 0, 0, 0, 0, 1, 2, 2, 1, 0, 0, 0, 2, 0, 1, 1, 0, 0, 0, 1, 0, 1, 0, 0, 1, 2, 0, 0, 1, 0, 0, 1, 1, 2, 1, 3, 0, 0, 0, 1, 1, 1, 1, 1, 4, 1]"
"DT Christian","[24, 4, 7, 6, 18, 6, 8, 22, 11, 2, 17, 8, 5, 4, 6, 14, 7, 26, 8, 9, 8, 14, 7]","[2, 0, 0, 0, 0, 0, 1, 0, 0, 0, 3, 4, 0, 0, 0, 0, 1, 2, 1, 1, 1, 0, 1]","[14, 6, 6, 6, 6, 6, 6, 12, 6, 6, 15, 9, 6, 6, 6, 6, 7, 14, 7, 7, 12, 12, 7]","[0, 0, 0, 0, 0, 0, 0, 1, 0, 0, 1, 0, 0, 1, 1, 0, 1, 1, 0, 0, 2, 0, 0]"
"DW Steyn","[26, 17, 20, 17, 13, 8, 21, 19, 15, 12, 6, 12, 18, 25, 18, 6, 14, 17, 16, 18, 10, 20, 11, 25, 13, 13, 7, 14, 15, 7, 7, 17, 11, 10, 10, 10, 19, 10, 9, 16, 10, 8, 15, 10, 12, 12, 6, 11, 12, 19, 3, 25, 14, 7, 3, 8, 7, 4, 29, 4, 9, 22, 5, 10, 9, 16, 12, 6, 2, 12, 15, 5, 12, 10, 7, 14, 16, 14, 10, 13, 20, 8, 8, 16, 11, 8, 17, 17, 14, 13, 17, 18, 17, 18, 17]","[4, 1, 0, 0, 0, 2, 1, 2, 5, 1, 3, 2, 4, 7, 2, 3, 1, 0, 0, 3, 2, 3, 3, 1, 2, 0, 1, 0, 3, 1, 1, 2, 2, 1, 0, 1, 1, 0, 0, 2, 0, 1, 1, 0, 0, 1, 0, 0, 0, 2, 1, 0, 0, 0, 1, 0, 0, 0, 6, 2, 0, 0, 0, 1, 1, 2, 0, 0, 0, 0, 0, 1, 5, 0, 0, 0, 1, 1, 0, 1, 0, 0, 0, 1, 0, 0, 0, 1, 0, 0, 0, 0, 0, 0, 1]","[18, 18, 12, 12, 12, 14, 19, 19, 13, 13, 14, 7, 12, 15, 19, 15, 13, 12, 6, 14, 13, 15, 15, 13, 12, 6, 7, 12, 19, 7, 13, 14, 14, 13, 12, 13, 13, 12, 6, 20, 12, 13, 7, 12, 12, 13, 12, 12, 6, 19, 13, 12, 12, 12, 6, 12, 18, 12, 20, 12, 12, 12, 12, 7, 19, 14, 12, 12, 12, 12, 12, 12, 13, 12, 12, 12, 12, 12, 12, 13, 12, 12, 12, 6, 12, 12, 12, 19, 12, 12, 12, 12, 6, 12, 13]","[2, 2, 0, 0, 0, 0, 1, 0, 0, 1, 0, 0, 0, 0, 0, 0, 0, 0, 0, 0, 0, 1, 0, 1, 0, 0, 0, 0, 3, 0, 0, 2, 0, 1, 0, 1, 0, 0, 0, 1, 0, 1, 0, 1, 1, 0, 2, 1, 0, 1, 1, 0, 0, 0, 0, 1, 2, 0, 0, 1, 0, 0, 0, 0, 1, 0, 0, 0, 0, 1, 0, 0, 0, 0, 1, 0, 0, 0, 1, 0, 1, 1, 0, 0, 1, 0, 0, 0, 0, 0, 1, 0, 0, 0, 0]"
"FH Edwards","[4, 12, 11, 12, 17, 5]","[2, 0, 3, 0, 1, 1]","[18, 12, 15, 12, 12, 13]","[0, 1, 0, 1, 0, 2]"
"GB Hogg","[5, 5, 5, 23, 3, 13]","[0, 0, 0, 0, 0, 3]","[6, 6, 6, 12, 6, 13]","[0, 0, 2, 1, 1, 1]"
"GC Viljoen","[8, 19, 8, 9, 11]","[1, 0, 0, 0, 0]","[7, 12, 6, 6, 6]","[1, 1, 0, 0, 1]"
"GD McGrath","[13, 14, 21, 23, 6, 17, 13, 6, 9, 33, 18, 9, 14, 22]","[1, 1, 2, 0, 0, 1, 1, 1, 1, 1, 0, 1, 0, 1]","[19, 18, 18, 18, 12, 18, 12, 19, 12, 18, 12, 19, 12, 19]","[1, 0, 1, 3, 0, 0, 0, 1, 0, 1, 1, 1, 0, 0]"
"GH Vihari","[5, 15, 2, 12]","[0, 1, 0, 0]","[6, 6, 6, 6]","[1, 0, 0, 0]"
"GJ Maxwell","[18, 13, 14, 4, 19, 14, 9, 8, 13, 12, 20, 11, 11]","[0, 1, 0, 0, 0, 0, 0, 0, 0, 1, 0, 0, 0]","[6, 13, 6, 6, 12, 12, 6, 6, 6, 7, 6, 6, 6]","[0, 1, 1, 0, 0, 0, 1, 0, 0, 0, 0, 0, 0]"
"GR Napier","[3]","[0]","[6]","[0]"
"GS Sandhu","[7]","[0]","[6]","[0]"
"Gagandeep Singh","[7]","[0]","[6]","[0]"
"Gurkeerat Singh","[7, 12]","[0, 0]","[6, 6]","[0, 0]"
"HF Gurney","[10, 7, 16, 13, 16, 4]","[0, 2, 1, 0, 0, 1]","[12, 14, 13, 12, 12, 7]","[1, 0, 0, 1, 0, 0]"
"HH Pandya","[15, 19, 5, 13, 15, 32, 7, 18, 16, 8, 8, 7, 31, 10, 9, 9, 1, 8, 9, 12]","[1, 1, 0, 0, 0, 0, 1, 1, 1, 1, 0, 0, 1, 0, 0, 0, 0, 0, 0, 0]","[6, 12, 6, 6, 12, 12, 7, 12, 7, 13, 6, 6, 12, 6, 6, 6, 6, 6, 6, 6]","[0, 0, 0, 0, 2, 0, 1, 0, 0, 1, 0, 0, 0, 0, 0, 0, 0, 0, 0, 1]"
"HV Patel","[15, 19, 10, 2, 17, 6, 8, 12, 11, 15, 11, 14, 7, 12, 4, 4, 9, 16, 19, 18, 20, 9, 6, 4, 7, 7, 1, 10, 7, 9, 10, 11, 5, 11, 15, 16]","[1, 0, 0, 0, 0, 0, 0, 1, 0, 0, 0, 0, 4, 0, 1, 0, 1, 4, 4, 1, 1, 1, 0, 0, 2, 0, 0, 0, 0, 0, 0, 0, 0, 0, 2, 2]","[7, 12, 6, 6, 6, 6, 6, 7, 6, 6, 6, 6, 6, 6, 7, 6, 7, 12, 9, 13, 7, 6, 6, 6, 7, 6, 6, 6, 6, 6, 6, 12, 6, 6, 14, 8]","[0, 1, 0, 0, 0, 1, 0, 0, 0, 0, 0, 0, 0, 0, 0, 0, 0, 1, 1, 0, 0, 0, 1, 0, 0, 0, 1, 0, 2, 0, 0, 1, 0, 0, 1, 0]"
"Harbhajan Singh","[10, 7, 3, 6, 10, 5, 12, 2, 24, 24, 6, 29, 19, 16, 8, 2, 31, 9, 27, 42, 20, 12, 7, 8, 11, 8, 11, 7, 15, 5, 10, 7, 16, 16, 20, 11, 11, 10, 3, 16, 4, 6, 4, 20, 12, 12, 7, 5, 20, 6, 13, 4, 3, 11, 1, 4, 12, 10, 26, 12, 3, 13, 10, 4, 9, 17, 6, 8, 5, 18, 10, 8, 27, 1, 12, 4, 11, 11, 17]","[0, 0, 0, 0, 0, 0, 0, 0, 0, 0, 0, 0, 1, 1, 0, 0, 0, 0, 0, 1, 3, 0, 0, 0, 1, 0, 1, 0, 1, 1, 2, 5, 0, 1, 0, 1, 0, 0, 0, 0, 0, 0, 0, 0, 0, 0, 2, 0, 1, 0, 1, 0, 1, 0, 0, 0, 0, 0, 1, 0, 0, 2, 0, 0, 1, 0, 0, 0, 0, 0, 0, 0, 0, 1, 1, 1, 0, 0, 0]","[12, 12, 6, 6, 6, 6, 12, 6, 12, 12, 5, 12, 18, 13, 12, 6, 18, 18, 18, 12, 19, 12, 6, 6, 7, 6, 12, 12, 6, 7, 6, 7, 12, 19, 12, 6, 12, 6, 6, 12, 12, 12, 6, 18, 12, 6, 6, 6, 13, 6, 12, 12, 6, 6, 12, 6, 12, 12, 7, 12, 6, 14, 12, 6, 12, 12, 6, 6, 6, 6, 6, 6, 12, 6, 7, 7, 6, 6, 12]","[0, 0, 0, 0, 0, 1, 0, 1, 0, 0, 0, 1, 2, 0, 2, 1, 1, 0, 1, 0, 1, 1, 0, 0, 0, 0, 1, 0, 0, 1, 1, 0, 0, 1, 0, 0, 0, 0, 1, 1, 1, 1, 1, 0, 0, 0, 0, 1, 0, 0, 1, 0, 0, 0, 0, 0, 1, 1, 0, 0, 0, 0, 0, 0, 0, 1, 0, 0, 1, 0, 1, 0, 0, 1, 2, 0, 0, 0, 1]"
"Harmeet Singh","[6, 6, 19, 7, 11, 12, 13, 7, 12, 6, 14, 1, 10]","[1, 2, 0, 0, 5, 0, 2, 0, 0, 0, 0, 0, 0]","[7, 8, 6, 6, 7, 6, 8, 6, 6, 12, 6, 6, 6]","[1, 0, 0, 0, 0, 0, 0, 1, 1, 2, 0, 1, 0]"
"Harmeet Singh (2)","[0]","[0]","[0]","[0]"
"Harpreet Brar","[17, 7, 7]","[0, 0, 0]","[6, 6, 6]","[0, 0, 0]"
"I Sharma","[21, 13, 28, 22, 21, 12, 20, 32, 18, 17, 19, 18, 19, 12, 21, 20, 24, 21, 12, 9, 5, 10, 27, 11, 12, 7, 16, 11, 34, 16, 17, 26, 13, 21, 29, 21, 9, 12, 9, 21, 8, 12, 14, 20, 7, 11, 17, 26, 17, 29, 4, 28, 13, 20, 21, 13, 13, 14, 13, 9, 14, 11, 18, 11, 15, 13, 18, 17, 13, 15, 10, 11, 21, 29, 22, 19, 15, 31, 9, 16, 7, 10, 23, 16, 20, 17, 26, 31]","[7, 4, 2, 1, 1, 0, 1, 4, 1, 1, 1, 1, 0, 0, 0, 0, 0, 0, 0, 5, 3, 3, 0, 0, 0, 0, 1, 0, 7, 0, 0, 6, 0, 0, 1, 6, 1, 4, 0, 0, 1, 2, 1, 1, 1, 0, 3, 1, 2, 2, 2, 1, 0, 4, 2, 2, 0, 0, 2, 0, 1, 0, 1, 1, 0, 1, 0, 1, 1, 0, 2, 3, 0, 1, 0, 1, 1, 0, 1, 0, 2, 0, 0, 0, 11, 1, 0, 2]","[14, 20, 12, 18, 12, 6, 18, 18, 18, 18, 19, 18, 18, 12, 12, 18, 18, 18, 12, 12, 14, 13, 18, 12, 12, 12, 12, 6, 17, 12, 12, 14, 18, 18, 18, 20, 13, 14, 12, 12, 13, 14, 12, 13, 13, 12, 14, 13, 8, 19, 13, 18, 18, 20, 13, 19, 12, 12, 20, 6, 19, 12, 19, 12, 12, 12, 18, 13, 7, 12, 13, 19, 12, 13, 18, 19, 18, 18, 7, 6, 8, 12, 12, 12, 22, 12, 18, 20]","[0, 0, 0, 0, 0, 0, 3, 1, 0, 1, 0, 0, 0, 0, 0, 3, 1, 0, 0, 1, 1, 0, 1, 1, 0, 1, 0, 0, 1, 0, 1, 0, 0, 1, 1, 0, 0, 0, 1, 0, 0, 0, 0, 0, 0, 1, 0, 0, 1, 0, 0, 0, 1, 0, 1, 5, 0, 0, 2, 0, 2, 0, 0, 1, 2, 0, 0, 1, 0, 0, 2, 1, 0, 0, 0, 1, 0, 1, 0, 0, 0, 1, 0, 0, 2, 0, 0, 0]"
"I Udana","[11, 24, 14, 17, 7, 10, 21]","[0, 0, 1, 2, 0, 0, 1]","[6, 12, 6, 8, 6, 6, 13]","[0, 1, 0, 0, 0, 0, 1]"
"IC Pandey","[21, 5, 10, 10, 11, 18, 13, 26, 12, 16, 6, 11, 18, 25, 5, 12, 8, 17, 18, 21, 7, 22]","[1, 0, 0, 0, 0, 4, 1, 0, 0, 1, 0, 0, 2, 1, 1, 0, 0, 1, 1, 0, 0, 0]","[7, 6, 18, 12, 12, 12, 6, 18, 6, 19, 6, 12, 12, 12, 13, 12, 6, 13, 13, 18, 18, 18]","[0, 1, 2, 1, 0, 0, 0, 0, 0, 0, 0, 0, 0, 0, 1, 0, 0, 1, 1, 2, 2, 1]"
"IK Pathan","[16, 15, 15, 14, 10, 10, 13, 11, 8, 13, 28, 19, 14, 9, 27, 16, 11, 6, 9, 8, 16, 21, 22, 5, 9, 18, 22, 24, 33, 4, 6, 8, 8, 8, 9, 16, 15, 8, 20, 3, 15, 16, 11, 26, 16, 12, 13, 25, 9, 11, 14, 15, 9, 23, 18, 16, 4, 8, 11, 10, 21, 14, 23, 10, 6, 11, 5, 15, 5, 6, 7, 5, 11, 13, 9, 0, 5, 6, 12, 26, 14, 11, 16, 16, 8]","[0, 2, 3, 1, 1, 1, 2, 1, 0, 0, 4, 1, 1, 1, 2, 0, 2, 1, 0, 1, 0, 0, 0, 0, 0, 0, 0, 6, 0, 0, 1, 0, 0, 0, 1, 0, 2, 0, 0, 1, 1, 2, 1, 0, 0, 0, 6, 8, 0, 1, 0, 0, 0, 0, 1, 0, 2, 0, 1, 0, 1, 0, 1, 0, 2, 0, 1, 0, 1, 2, 1, 0, 0, 0, 0, 0, 0, 0, 1, 2, 2, 0, 0, 0, 0]","[6, 14, 14, 13, 19, 13, 14, 12, 18, 12, 13, 13, 19, 7, 20, 12, 14, 13, 12, 13, 12, 12, 12, 12, 12, 6, 12, 20, 18, 6, 7, 6, 6, 6, 7, 12, 8, 6, 12, 7, 7, 13, 13, 18, 6, 18, 19, 21, 12, 19, 12, 12, 6, 12, 12, 12, 12, 6, 12, 18, 13, 12, 12, 6, 6, 6, 7, 12, 6, 12, 13, 6, 12, 18, 6, 6, 6, 6, 13, 13, 13, 6, 6, 6, 6]","[0, 0, 1, 1, 2, 1, 0, 0, 1, 0, 0, 0, 1, 0, 0, 1, 2, 1, 1, 0, 0, 1, 0, 0, 1, 0, 0, 0, 0, 0, 0, 0, 0, 0, 0, 1, 1, 1, 0, 0, 0, 0, 1, 1, 0, 1, 2, 0, 0, 1, 1, 0, 0, 0, 1, 0, 0, 0, 0, 1, 2, 0, 0, 0, 0, 0, 0, 0, 0, 1, 0, 0, 0, 0, 0, 0, 1, 0, 1, 1, 0, 0, 0, 0, 0]"
"IS Sodhi","[17]","[0]","[12]","[2]"
"Imran Tahir","[7, 8, 15, 9, 12, 14, 5, 7, 8]","[0, 0, 0, 0, 0, 0, 0, 2, 0]","[6, 6, 6, 6, 6, 6, 6, 7, 6]","[1, 1, 0, 1, 0, 0, 0, 0, 0]"
"Iqbal Abdulla","[11, 8, 12, 7, 2, 14, 7, 10, 13, 7, 6, 5, 10, 17, 8, 8, 15, 21, 6, 16, 16, 2, 9, 9, 2, 14, 10, 13, 15]","[0, 0, 0, 0, 0, 0, 1, 0, 0, 0, 1, 2, 0, 0, 0, 0, 0, 1, 0, 3, 0, 0, 0, 0, 0, 0, 0, 0, 0]","[6, 6, 12, 12, 6, 12, 7, 12, 12, 6, 12, 13, 12, 12, 6, 6, 12, 19, 6, 13, 12, 6, 6, 6, 6, 12, 6, 12, 12]","[0, 0, 1, 1, 1, 0, 0, 1, 2, 0, 1, 1, 1, 0, 0, 0, 0, 0, 1, 1, 0, 1, 0, 0, 0, 0, 0, 1, 2]"
"J Botha","[7, 9, 1, 14, 17, 8, 36, 20, 15, 24, 18, 5, 7, 14, 3, 5, 17, 19, 7, 9]","[0, 0, 0, 0, 0, 1, 1, 0, 1, 0, 0, 1, 0, 1, 0, 0, 0, 1, 0, 0]","[6, 6, 6, 12, 18, 7, 18, 12, 13, 12, 12, 6, 6, 7, 6, 6, 6, 19, 12, 6]","[0, 0, 1, 1, 1, 0, 0, 0, 0, 0, 0, 0, 0, 0, 1, 0, 0, 0, 0, 0]"
"J Suchith","[5, 33, 10, 9, 7, 10]","[0, 1, 0, 0, 0, 0]","[12, 13, 6, 6, 6, 6]","[1, 0, 0, 1, 0, 0]"
"J Syed Mohammad","[2, 12]","[0, 0]","[12, 6]","[1, 0]"
"J Theron","[17, 13, 20, 18, 5, 17, 12]","[3, 1, 0, 1, 0, 0, 1]","[12, 13, 6, 13, 6, 12, 7]","[2, 0, 0, 0, 1, 0, 0]"
"J Yadav","[16, 14, 16, 6, 6, 5, 8, 2, 19, 25, 19]","[1, 0, 0, 1, 0, 0, 0, 0, 0, 1, 0]","[13, 12, 12, 7, 12, 6, 6, 6, 18, 19, 12]","[0, 0, 0, 1, 0, 1, 0, 0, 0, 0, 0]"
"JA Morkel","[10, 9, 26, 16, 47, 13, 12, 17, 12, 16, 30, 25, 17, 10, 8, 20, 26, 26, 22, 7, 9, 7, 11, 13, 30, 11, 29, 13, 12, 10, 16, 24, 17, 11, 23, 26, 24, 15, 15, 21, 19, 24, 13, 12, 24, 5, 22, 11, 19, 13, 20, 19, 13, 12, 28, 26, 9, 29, 12, 15, 28, 14, 18, 24, 21, 10, 15, 20, 26, 18, 25, 30]","[0, 1, 2, 0, 5, 0, 1, 0, 0, 0, 0, 2, 0, 0, 1, 2, 1, 0, 2, 2, 0, 0, 0, 3, 0, 0, 0, 1, 1, 0, 0, 0, 0, 0, 3, 3, 4, 2, 0, 0, 1, 0, 1, 1, 0, 1, 1, 0, 6, 0, 0, 1, 1, 3, 0, 2, 1, 2, 1, 2, 3, 2, 0, 7, 1, 2, 0, 0, 5, 1, 2, 2]","[6, 7, 20, 18, 20, 6, 13, 6, 6, 18, 18, 19, 12, 12, 19, 20, 13, 18, 13, 13, 6, 12, 12, 14, 12, 6, 12, 6, 7, 6, 6, 18, 12, 18, 19, 14, 18, 13, 12, 12, 12, 18, 13, 7, 12, 7, 13, 6, 23, 12, 12, 19, 18, 8, 18, 14, 7, 19, 6, 18, 19, 18, 18, 20, 13, 8, 12, 12, 13, 13, 13, 14]","[0, 0, 1, 1, 0, 0, 1, 0, 0, 2, 0, 2, 1, 1, 2, 1, 0, 1, 0, 1, 0, 1, 0, 0, 1, 0, 0, 1, 0, 0, 1, 1, 0, 1, 2, 0, 0, 0, 0, 1, 0, 0, 0, 0, 0, 1, 0, 0, 0, 1, 0, 0, 1, 0, 1, 0, 0, 0, 0, 0, 1, 2, 1, 1, 1, 0, 0, 0, 0, 0, 2, 0]"
"JC Archer","[6, 7, 5, 13, 12, 11, 5, 17, 28, 13, 2, 18, 2, 14, 12, 0, 12, 7, 6, 8, 1, 9, 11, 1, 3, 12, 10, 5, 17, 15, 3, 5, 6, 11, 5]","[1, 0, 0, 1, 0, 2, 2, 0, 0, 3, 0, 0, 0, 1, 1, 0, 0, 4, 0, 0, 0, 0, 0, 0, 0, 0, 0, 0, 1, 0, 0, 0, 0, 1, 3]","[6, 6, 6, 13, 12, 8, 8, 12, 12, 15, 12, 12, 12, 6, 12, 6, 6, 12, 6, 6, 6, 12, 12, 6, 12, 6, 12, 12, 13, 12, 12, 12, 12, 13, 15]","[0, 0, 0, 1, 1, 1, 0, 0, 0, 1, 0, 0, 1, 0, 0, 1, 0, 1, 0, 0, 0, 0, 2, 0, 0, 0, 0, 2, 0, 0, 1, 1, 1, 1, 2]"
"JD Ryder","[7]","[0]","[6]","[0]"
"JD Unadkat","[14, 15, 8, 8, 12, 23, 6, 20, 5, 12, 11, 5, 22, 24, 9, 13, 12, 8, 6, 15, 1, 5, 6, 10, 14, 10, 4, 12, 8, 7, 9, 9, 16, 15, 3, 15, 8, 20, 7, 24, 14, 7, 7, 18, 6, 18, 23, 9, 11, 5, 13, 6, 6, 7, 3, 7, 7, 5, 16, 4, 6, 8, 6, 18, 9, 12, 3, 15, 27]","[0, 0, 0, 1, 1, 1, 0, 0, 0, 0, 0, 0, 1, 0, 0, 0, 0, 0, 0, 0, 0, 0, 1, 0, 0, 0, 0, 0, 6, 0, 0, 0, 1, 1, 0, 0, 0, 3, 0, 0, 0, 0, 0, 0, 0, 1, 0, 1, 1, 0, 0, 0, 0, 0, 0, 0, 1, 0, 1, 0, 1, 0, 1, 0, 1, 1, 0, 0, 0]","[12, 12, 6, 7, 12, 12, 12, 12, 12, 12, 12, 12, 13, 12, 6, 6, 6, 6, 6, 6, 6, 6, 7, 6, 6, 12, 6, 6, 7, 6, 6, 6, 13, 12, 6, 6, 6, 13, 6, 12, 6, 6, 6, 12, 6, 19, 6, 12, 13, 6, 6, 6, 6, 6, 6, 6, 13, 6, 13, 6, 12, 6, 7, 6, 7, 6, 12, 12, 12]","[0, 0, 0, 0, 1, 0, 1, 0, 2, 1, 0, 2, 1, 1, 0, 0, 0, 0, 0, 0, 0, 0, 0, 0, 0, 2, 0, 0, 0, 0, 0, 1, 0, 1, 0, 0, 0, 0, 0, 0, 0, 0, 0, 0, 0, 2, 0, 0, 0, 0, 0, 1, 2, 0, 0, 0, 2, 0, 0, 0, 1, 0, 0, 0, 0, 0, 1, 0, 0]"
"JDP Oram","[30, 40, 16, 19, 10, 9, 13, 33, 3]","[0, 2, 0, 2, 0, 1, 0, 1, 1]","[18, 20, 12, 20, 6, 6, 12, 12, 7]","[0, 1, 2, 0, 0, 0, 0, 1, 0]"
"JDS Neesham","[16, 14, 7, 18]","[1, 0, 0, 4]","[13, 6, 6, 6]","[0, 0, 1, 0]"
"JE Taylor","[14, 10, 14, 2, 11]","[1, 2, 0, 0, 0]","[13, 14, 12, 6, 6]","[0, 0, 0, 0, 0]"
"JEC Franklin","[8, 12]","[4, 0]","[6, 6]","[1, 0]"
"JH Kallis","[19, 12, 8, 9, 11, 2, 20, 21, 10, 8, 19, 14, 11, 23, 21, 9, 12, 8, 22, 7, 26, 23, 4, 5, 7, 10, 9, 5, 6, 2, 10, 7, 5, 13, 10, 11, 7, 5, 10, 7, 26, 13, 23, 3, 14, 12, 7, 16, 7, 6, 18, 8, 7, 9, 6, 17]","[1, 1, 0, 0, 0, 0, 0, 2, 5, 0, 0, 3, 0, 3, 0, 0, 0, 0, 1, 0, 0, 1, 1, 0, 0, 0, 0, 0, 0, 0, 1, 0, 0, 0, 1, 1, 0, 1, 1, 0, 0, 2, 0, 0, 0, 0, 1, 2, 0, 0, 0, 0, 1, 3, 0, 1]","[7, 7, 6, 6, 6, 6, 6, 12, 7, 6, 18, 13, 18, 21, 18, 12, 18, 6, 12, 12, 12, 13, 7, 6, 6, 6, 6, 6, 6, 6, 7, 6, 6, 6, 7, 13, 6, 6, 13, 12, 18, 18, 18, 6, 12, 6, 7, 14, 12, 6, 6, 6, 13, 7, 6, 7]","[0, 0, 0, 0, 0, 0, 0, 0, 0, 0, 0, 0, 1, 0, 0, 2, 1, 0, 0, 0, 0, 0, 1, 1, 0, 0, 0, 0, 1, 0, 1, 0, 1, 0, 0, 1, 0, 0, 1, 2, 0, 0, 0, 2, 2, 0, 0, 0, 0, 0, 0, 1, 1, 1, 0, 0]"
"JJ Bumrah","[4, 15, 12, 7, 2, 6, 7, 9, 6, 11, 12, 5, 2, 7, 3, 22, 2, 7, 4, 18, 2, 3, 11, 13, 7, 13, 1, 17, 3, 12, 6, 6, 10, 10, 6, 4, 4, 5, 8, 20, 9, 10, 5, 14, 5, 1, 1, 6, 6, 16, 7, 1, 14, 12, 21, 11, 6, 5, 12, 25, 10, 9, 17, 1, 16, 4, 9, 17, 5, 17, 6, 7, 14, 9, 30, 3, 4, 4, 8, 7, 5, 10, 10, 6, 1, 6, 2, 27]","[0, 2, 0, 0, 1, 1, 4, 0, 0, 0, 0, 0, 0, 0, 0, 0, 0, 2, 0, 0, 0, 0, 0, 4, 0, 5, 0, 1, 0, 0, 0, 0, 0, 0, 2, 0, 0, 0, 0, 0, 1, 0, 0, 1, 0, 0, 0, 0, 0, 0, 0, 0, 0, 0, 5, 1, 0, 0, 0, 1, 3, 0, 2, 0, 1, 1, 0, 1, 0, 0, 0, 4, 0, 1, 1, 0, 1, 0, 0, 0, 0, 1, 0, 0, 0, 2, 0, 2]","[6, 8, 12, 6, 7, 6, 14, 6, 6, 6, 12, 6, 12, 6, 6, 12, 6, 7, 6, 12, 6, 6, 12, 6, 6, 7, 6, 13, 6, 6, 12, 6, 12, 6, 12, 6, 6, 6, 6, 16, 7, 6, 6, 7, 6, 6, 6, 12, 12, 12, 6, 6, 6, 6, 13, 13, 6, 6, 6, 13, 14, 6, 12, 6, 12, 7, 6, 12, 12, 6, 6, 10, 6, 7, 19, 6, 7, 6, 6, 6, 6, 6, 6, 6, 6, 7, 6, 14]","[0, 0, 0, 0, 1, 0, 1, 0, 1, 0, 0, 0, 2, 1, 0, 0, 0, 0, 0, 0, 0, 0, 0, 0, 0, 1, 0, 1, 0, 1, 0, 0, 0, 0, 0, 0, 0, 0, 0, 4, 0, 0, 0, 0, 0, 1, 0, 1, 3, 2, 0, 0, 0, 0, 0, 2, 0, 0, 1, 0, 0, 0, 0, 0, 0, 0, 0, 0, 0, 0, 0, 0, 0, 0, 0, 0, 1, 0, 0, 0, 1, 0, 0, 0, 0, 0, 0, 0]"
"JJ van der Wath","[17, 15, 9]","[3, 0, 0]","[15, 6, 12]","[0, 0, 0]"
"JL Pattinson","[8, 16, 22, 12, 14, 8, 24, 16, 12, 17]","[1, 0, 0, 1, 0, 0, 2, 0, 1, 0]","[13, 6, 12, 7, 12, 6, 14, 12, 13, 12]","[1, 0, 0, 0, 1, 0, 0, 0, 2, 0]"
"JO Holder","[12, 10, 16, 17, 26, 9, 26, 13, 21, 24, 10, 32, 20, 17, 18]","[0, 1, 2, 1, 4, 1, 0, 0, 6, 1, 0, 0, 0, 2, 1]","[12, 6, 13, 13, 12, 13, 12, 12, 14, 13, 18, 18, 6, 8, 13]","[0, 0, 0, 1, 0, 2, 0, 0, 1, 1, 2, 0, 0, 1, 0]"
"JP Behrendorff","[17, 21, 31, 20, 34]","[1, 0, 0, 0, 3]","[19, 12, 18, 12, 19]","[2, 0, 0, 0, 1]"
"JP Duminy","[28, 3, 12, 8, 7, 14, 13, 19, 8, 6, 5, 4, 12, 14, 7, 7, 14, 7, 16, 3]","[0, 2, 1, 0, 4, 0, 0, 1, 0, 0, 0, 1, 0, 0, 0, 3, 0, 0, 0, 0]","[12, 6, 13, 6, 12, 6, 12, 13, 6, 6, 6, 7, 12, 12, 6, 7, 6, 6, 6, 6]","[0, 0, 0, 0, 1, 0, 1, 0, 0, 0, 0, 0, 0, 0, 0, 0, 0, 0, 0, 1]"
"JP Faulkner","[17, 22, 6, 5, 15, 14, 10, 21, 5, 7, 8, 12, 7, 6, 14, 12, 14, 12, 9, 8, 8, 4, 7, 21, 21, 6, 29, 19, 2, 8, 4, 7, 13, 6, 13, 6, 22, 7, 8, 9, 12, 14, 7, 5, 14]","[0, 0, 0, 0, 0, 0, 1, 3, 0, 1, 2, 0, 0, 0, 3, 1, 1, 0, 0, 1, 0, 2, 0, 1, 5, 1, 1, 4, 0, 0, 1, 0, 1, 0, 0, 0, 1, 0, 0, 0, 0, 0, 0, 0, 0]","[6, 11, 6, 6, 6, 6, 12, 13, 6, 6, 7, 12, 6, 12, 14, 12, 13, 12, 6, 12, 6, 13, 12, 13, 13, 6, 13, 13, 6, 6, 6, 6, 7, 6, 6, 6, 12, 6, 6, 6, 6, 6, 6, 6, 6]","[0, 2, 1, 0, 0, 0, 1, 0, 0, 1, 0, 0, 0, 3, 0, 0, 0, 1, 0, 0, 0, 2, 0, 0, 0, 1, 1, 2, 1, 0, 0, 0, 0, 1, 0, 1, 0, 1, 0, 0, 0, 0, 0, 0, 0]"
"JPR Scantlebury-Searles","[13]","[1]","[7]","[0]"
"JR Hazlewood","[17, 15, 7]","[0, 4, 0]","[12, 18, 12]","[0, 1, 0]"
"JR Hopes","[11, 6, 9]","[0, 1, 0]","[6, 6, 6]","[0, 1, 0]"
"JW Hastings","[26, 1, 23]","[1, 0, 2]","[13, 12, 14]","[0, 1, 0]"
"Jaskaran Singh","[15, 20, 10, 8]","[1, 3, 2, 0]","[13, 15, 12, 6]","[1, 1, 0, 0]"
"Joginder Sharma","[23, 16, 9]","[1, 2, 1]","[13, 8, 7]","[0, 0, 0]"
"K Gowtham","[9, 10, 26, 7, 11, 3, 6, 11, 14, 8, 19, 14, 21, 7, 19, 8, 11, 18, 22, 23, 6, 12]","[0, 0, 0, 0, 0, 0, 0, 0, 1, 1, 0, 1, 0, 1, 4, 0, 0, 1, 0, 0, 0, 0]","[6, 6, 18, 12, 6, 6, 12, 6, 13, 13, 12, 7, 6, 12, 18, 6, 6, 18, 6, 12, 6, 6]","[0, 1, 1, 1, 0, 0, 1, 0, 0, 2, 0, 0, 0, 1, 2, 0, 0, 0, 0, 0, 0, 0]"
"K Khejroliya","[19, 18]","[1, 1]","[12, 6]","[0, 0]"
"K Rabada","[16, 21, 18, 20, 14, 20, 4, 17, 19, 12, 14, 4, 12, 14, 7, 4, 19, 18, 7, 6, 24, 6, 10, 4, 5, 37, 3, 5, 16, 2, 17, 5, 9, 13, 18]","[7, 8, 1, 0, 0, 2, 1, 0, 1, 0, 0, 1, 0, 0, 0, 0, 0, 2, 2, 0, 2, 0, 0, 0, 1, 0, 1, 0, 0, 0, 0, 0, 3, 0, 4]","[14, 12, 13, 12, 12, 13, 6, 12, 13, 12, 6, 7, 6, 12, 6, 6, 12, 12, 10, 6, 14, 6, 12, 6, 7, 12, 7, 6, 12, 6, 12, 6, 7, 12, 6]","[1, 1, 0, 0, 2, 0, 0, 0, 1, 0, 0, 1, 0, 0, 0, 1, 1, 1, 2, 0, 0, 1, 0, 0, 0, 0, 0, 0, 0, 0, 0, 0, 0, 1, 0]"
"K Santokie","[19, 12]","[2, 0]","[14, 6]","[1, 0]"
"K Upadhyay","[17, 29, 13]","[0, 1, 0]","[12, 19, 6]","[0, 0, 0]"
"KA Jamieson","[7]","[0]","[12]","[0]"
"KA Pollard","[7, 15, 4, 18, 6, 11]","[0, 0, 3, 3, 0, 0]","[6, 6, 7, 8, 6, 6]","[0, 0, 1, 0, 0, 0]"
"KAJ Roach","[10, 10]","[1, 0]","[13, 6]","[0, 0]"
"KC Cariappa","[7, 20, 12, 2, 6, 18]","[0, 1, 0, 0, 0, 0]","[6, 7, 6, 6, 6, 6]","[0, 0, 0, 0, 0, 0]"
"KH Pandya","[4, 6, 4, 13, 17, 15, 5, 9, 16, 11, 9, 12, 15, 3, 14, 2, 14, 19, 12, 7, 4, 3, 3, 9, 6, 10, 10, 5, 6, 7, 6, 8, 2, 5, 18]","[0, 0, 0, 0, 0, 0, 0, 0, 0, 0, 2, 0, 0, 0, 0, 0, 0, 0, 0, 0, 0, 2, 0, 0, 1, 3, 0, 1, 0, 0, 1, 0, 0, 0, 0]","[6, 6, 6, 6, 12, 6, 6, 12, 12, 6, 6, 6, 6, 12, 12, 6, 12, 12, 6, 12, 6, 7, 6, 6, 7, 7, 6, 7, 6, 6, 7, 6, 6, 6, 6]","[2, 0, 0, 0, 1, 1, 0, 1, 0, 0, 0, 0, 0, 1, 0, 0, 1, 1, 0, 1, 0, 0, 0, 1, 0, 0, 0, 0, 1, 0, 0, 0, 0, 0, 0]"
"KJ Abbott","[6, 19, 23, 18, 7]","[0, 1, 0, 1, 1]","[6, 13, 12, 7, 6]","[0, 0, 0, 0, 0]"
"KK Ahmed","[25, 27, 22, 20, 13, 6, 17, 21, 32, 13, 15, 14, 16, 29, 15, 15, 29]","[1, 1, 3, 0, 0, 0, 2, 0, 2, 0, 0, 0, 2, 2, 0, 0, 1]","[12, 18, 18, 12, 12, 6, 14, 12, 20, 6, 12, 12, 14, 13, 12, 12, 18]","[0, 2, 0, 2, 0, 0, 1, 1, 1, 0, 0, 2, 0, 0, 0, 2, 1]"
"KK Cooper","[5, 4, 11, 6, 2, 7, 4, 6, 13, 13, 11, 6, 4, 8, 7, 8]","[1, 1, 0, 0, 2, 0, 0, 1, 0, 1, 5, 0, 2, 1, 0, 1]","[6, 7, 6, 6, 6, 6, 6, 6, 6, 6, 7, 6, 7, 7, 6, 6]","[1, 1, 0, 0, 0, 0, 0, 0, 0, 0, 0, 0, 0, 0, 0, 2]"
"KL Nagarkoti","[11, 11, 7]","[0, 0, 0]","[12, 6, 6]","[0, 0, 0]"
"KM Asif","[25, 11]","[1, 1]","[13, 13]","[2, 1]"
"KMA Paul","[16]","[1]","[7]","[0]"
"KMDN Kulasekara","[26, 21, 10, 11, 14]","[1, 1, 0, 0, 3]","[19, 13, 12, 12, 15]","[1, 1, 2, 0, 0]"
"KP Appanna","[16, 12]","[2, 1]","[14, 6]","[0, 0]"
"KP Pietersen","[13, 7]","[6, 0]","[14, 6]","[1, 0]"
"KS Williamson","[7]","[0]","[6]","[0]"
"KV Sharma","[17, 10, 11, 9, 7, 3, 9, 4, 6, 13, 5, 7, 16, 11, 5, 14, 11, 2, 2, 2, 8, 5, 14]","[0, 1, 0, 0, 0, 1, 1, 0, 0, 0, 1, 1, 1, 0, 0, 1, 0, 0, 1, 0, 0, 0, 0]","[12, 7, 6, 12, 6, 6, 7, 6, 6, 6, 6, 7, 12, 6, 6, 7, 6, 6, 6, 6, 6, 6, 6]","[0, 1, 1, 1, 0, 1, 0, 0, 0, 0, 0, 0, 0, 0, 1, 0, 0, 0, 1, 1, 0, 0, 0]"
"KW Richardson","[8, 17, 18, 11, 18, 10, 6, 7, 18, 5, 12, 6, 37, 13]","[1, 0, 0, 2, 1, 0, 0, 0, 0, 0, 0, 0, 5, 0]","[13, 12, 12, 14, 13, 12, 12, 6, 12, 12, 12, 12, 13, 12]","[0, 1, 0, 0, 0, 2, 1, 0, 0, 1, 1, 2, 1, 1]"
"Kamran Khan","[17, 15, 8, 14, 10, 19, 13, 37]","[1, 1, 3, 1, 0, 0, 2, 0]","[12, 7, 15, 13, 6, 12, 14, 12]","[0, 1, 2, 0, 0, 1, 2, 0]"
"Karanveer Singh","[26]","[0]","[12]","[0]"
"Kartik Tyagi","[7, 10, 9, 29, 12, 15, 14, 11, 22]","[1, 0, 0, 2, 1, 0, 0, 0, 1]","[7, 6, 6, 14, 7, 12, 6, 6, 13]","[0, 1, 1, 0, 0, 1, 0, 0, 0]"
"Kuldeep Yadav","[5, 6, 9, 5, 12, 17, 4, 10]","[1, 0, 0, 0, 3, 5, 1, 0]","[7, 6, 6, 6, 8, 13, 6, 6]","[0, 0, 0, 0, 0, 0, 0, 0]"
"L Ablish","[14, 12]","[0, 0]","[6, 6]","[0, 1]"
"L Balaji","[9, 8, 28, 18, 3, 3, 5, 10, 8, 10, 34, 6, 10, 9, 14, 5, 20, 19, 7, 16, 18, 0, 9, 4, 11, 6, 9, 12, 7, 20, 15, 12, 12, 15, 14, 14, 7, 13, 5, 20, 8, 10, 2, 5, 11, 8, 12, 17]","[0, 0, 1, 0, 0, 0, 0, 0, 0, 2, 5, 0, 1, 2, 0, 1, 1, 0, 0, 0, 5, 0, 0, 0, 1, 1, 2, 3, 0, 2, 1, 2, 4, 1, 0, 0, 2, 1, 1, 0, 2, 0, 1, 0, 0, 0, 0, 0]","[6, 12, 13, 6, 6, 6, 6, 12, 6, 8, 19, 6, 13, 14, 12, 7, 13, 12, 6, 12, 7, 6, 12, 6, 7, 12, 7, 13, 6, 12, 13, 13, 12, 12, 6, 12, 20, 13, 13, 12, 7, 6, 7, 6, 6, 6, 12, 12]","[0, 1, 0, 0, 0, 0, 1, 1, 0, 1, 0, 0, 1, 0, 1, 0, 0, 1, 0, 0, 0, 1, 0, 1, 0, 0, 0, 1, 0, 0, 0, 0, 0, 0, 0, 1, 0, 1, 0, 0, 0, 0, 2, 1, 0, 0, 1, 0]"
"L Ngidi","[7, 26, 23, 4, 8, 12, 8, 18, 9, 9, 5]","[0, 0, 2, 2, 1, 0, 0, 2, 0, 0, 0]","[12, 12, 19, 6, 18, 12, 12, 8, 6, 6, 6]","[0, 1, 1, 0, 2, 1, 1, 0, 0, 1, 0]"
"LA Carseldine","[6]","[1]","[7]","[1]"
"LE Plunkett","[6, 6, 20, 13, 11, 9, 7]","[0, 0, 0, 0, 0, 1, 2]","[6, 6, 6, 6, 6, 6, 8]","[1, 0, 0, 0, 0, 0, 0]"
"LH Ferguson","[22, 3, 10, 16, 9, 12, 10, 13, 24, 2, 9]","[1, 1, 2, 0, 0, 1, 0, 0, 0, 0, 0]","[13, 7, 8, 6, 6, 13, 6, 6, 12, 3, 6]","[0, 1, 0, 0, 0, 1, 0, 0, 0, 2, 0]"
"LJ Wright","[12]","[0]","[6]","[0]"
"LR Shukla","[7, 16, 9, 12, 7]","[0, 0, 0, 2, 0]","[6, 6, 6, 7, 2]","[0, 0, 0, 0, 0]"
"M Ashwin","[9, 13, 16, 20, 13]","[0, 0, 0, 4, 2]","[6, 12, 6, 7, 8]","[0, 0, 0, 0, 0]"
"M Jansen","[14]","[2]","[7]","[0]"
"M Kartik","[8, 9, 1, 7, 6, 6, 13, 8, 8, 10, 7, 10, 0, 15, 2, 6, 7, 13, 4, 13, 16, 8, 11, 9, 4, 13]","[0, 0, 0, 0, 0, 0, 1, 0, 0, 1, 0, 0, 0, 5, 0, 0, 0, 0, 0, 1, 0, 2, 3, 0, 0, 0]","[6, 6, 6, 6, 6, 6, 6, 6, 6, 6, 6, 6, 6, 13, 6, 12, 12, 6, 6, 13, 6, 7, 7, 6, 6, 6]","[0, 1, 0, 0, 1, 1, 0, 1, 0, 1, 0, 0, 1, 0, 1, 0, 0, 0, 0, 0, 0, 0, 0, 1, 0, 0]"
"M Morkel","[10, 20, 29, 4, 11, 7, 12, 20, 15, 22, 7, 19, 23, 30, 8, 12, 12, 8, 12, 9, 7, 31, 11, 7, 12, 10, 20, 20, 17, 16, 14, 8, 10, 20, 13, 9, 20, 8, 9, 11, 12, 2, 16, 30, 15, 34, 10, 14, 27, 16, 23, 21, 21, 12, 20, 20, 12, 18, 25, 26, 14, 20, 13, 19, 18, 9, 22, 20, 21, 14]","[0, 1, 4, 0, 2, 4, 2, 2, 1, 1, 0, 3, 2, 1, 1, 4, 1, 2, 0, 0, 0, 2, 0, 0, 0, 0, 1, 0, 1, 5, 1, 0, 0, 2, 1, 0, 1, 0, 0, 1, 0, 0, 2, 1, 1, 5, 0, 6, 5, 1, 10, 2, 1, 0, 0, 1, 1, 0, 2, 4, 4, 0, 0, 0, 2, 0, 1, 0, 1, 0]","[12, 19, 16, 6, 14, 12, 13, 20, 12, 13, 6, 15, 12, 13, 13, 12, 13, 14, 12, 6, 12, 14, 12, 12, 12, 12, 13, 18, 12, 19, 12, 6, 6, 13, 13, 12, 13, 6, 6, 13, 12, 12, 13, 18, 13, 21, 18, 16, 21, 18, 20, 19, 18, 18, 18, 18, 13, 12, 20, 12, 16, 18, 12, 12, 19, 6, 19, 12, 13, 12]","[0, 0, 0, 0, 1, 0, 0, 0, 0, 0, 1, 1, 0, 0, 1, 2, 2, 1, 1, 0, 1, 1, 1, 1, 0, 0, 0, 0, 0, 1, 0, 0, 0, 1, 1, 0, 0, 1, 0, 0, 0, 0, 1, 0, 1, 0, 2, 1, 0, 0, 1, 1, 0, 2, 1, 1, 1, 0, 1, 0, 1, 1, 0, 1, 1, 0, 0, 0, 1, 1]"
"M Muralitharan","[7, 6, 6, 1, 1, 8, 10, 16, 7, 8, 1, 13, 2, 11, 13, 8, 15, 7, 11, 10]","[0, 0, 1, 0, 0, 1, 0, 1, 0, 1, 0, 0, 0, 1, 1, 0, 1, 0, 0, 1]","[6, 6, 7, 6, 6, 13, 4, 13, 6, 13, 6, 6, 6, 6, 7, 6, 12, 6, 12, 7]","[0, 0, 0, 1, 0, 0, 1, 0, 0, 0, 0, 0, 0, 0, 0, 0, 1, 0, 0, 0]"
"M Ntini","[25, 18, 34, 20, 16, 22, 10, 21, 16]","[1, 1, 0, 4, 0, 5, 0, 0, 5]","[18, 18, 18, 19, 18, 13, 18, 18, 18]","[0, 0, 0, 2, 0, 0, 1, 2, 0]"
"M Prasidh Krishna","[17, 15, 16, 19, 11, 17, 10, 17, 32, 20, 13, 12, 15, 18, 18, 22, 12, 17, 20, 14, 19, 14, 21, 11]","[0, 0, 0, 0, 1, 0, 1, 4, 1, 1, 0, 0, 1, 0, 0, 0, 0, 1, 4, 0, 0, 0, 0, 0]","[12, 12, 12, 6, 7, 12, 7, 15, 19, 19, 6, 12, 19, 12, 12, 12, 6, 13, 15, 12, 12, 6, 12, 12]","[0, 0, 0, 0, 0, 0, 0, 0, 0, 1, 0, 1, 0, 1, 0, 0, 0, 0, 0, 0, 0, 0, 0, 1]"
"M Vijay","[8]","[1]","[7]","[0]"
"M de Lange","[20, 24, 19, 14, 5]","[2, 3, 0, 0, 5]","[13, 21, 12, 6, 13]","[0, 2, 0, 0, 0]"
"MA Starc","[12, 15, 11, 26, 4, 8, 13, 20, 4, 11, 11, 24, 12, 23, 10, 16, 9, 8, 11, 15, 23, 14, 6, 15, 17, 14]","[1, 0, 0, 2, 0, 0, 4, 6, 0, 1, 0, 3, 0, 1, 4, 2, 2, 2, 0, 8, 1, 1, 1, 1, 0, 1]","[13, 12, 12, 19, 12, 12, 12, 16, 6, 13, 12, 13, 12, 13, 12, 14, 13, 8, 12, 13, 13, 7, 6, 13, 12, 12]","[1, 0, 1, 1, 0, 1, 0, 0, 0, 1, 0, 0, 1, 0, 0, 0, 1, 0, 1, 1, 0, 0, 0, 0, 0, 0]"
"MB Parmar","[14]","[1]","[7]","[0]"
"MC Henriques","[8, 16, 9, 10, 11, 9, 15, 16, 4, 18, 25, 9, 18, 15, 36, 9, 6, 10, 3, 1, 8]","[0, 0, 0, 0, 0, 0, 2, 1, 1, 0, 1, 0, 1, 0, 0, 1, 0, 4, 1, 0, 0]","[6, 6, 5, 6, 6, 6, 19, 19, 7, 12, 13, 6, 13, 6, 12, 7, 6, 6, 7, 6, 6]","[0, 0, 0, 0, 0, 0, 2, 1, 0, 1, 0, 0, 0, 0, 0, 1, 1, 0, 2, 0, 0]"
"MF Maharoof","[3, 12, 9, 10, 3, 15, 5, 3, 32, 26, 27, 13, 20, 17, 17]","[1, 0, 2, 0, 0, 4, 0, 0, 2, 1, 0, 0, 1, 0, 1]","[6, 6, 13, 6, 6, 16, 6, 6, 20, 19, 12, 18, 18, 12, 12]","[0, 0, 1, 0, 0, 2, 0, 0, 3, 1, 1, 3, 0, 0, 0]"
"MG Johnson","[14, 16, 25, 11, 8, 22, 6, 14, 29, 15, 8, 11, 22, 14, 14, 12, 26, 12, 9, 7, 13, 3, 24, 17, 15, 23, 13, 25, 20, 14, 10, 9, 14, 11, 9, 27, 15, 22, 20, 29, 22, 0, 7, 15, 24, 3, 25, 18, 36, 20, 11, 23]","[0, 1, 2, 1, 4, 3, 0, 1, 0, 0, 1, 0, 1, 1, 1, 1, 4, 3, 0, 0, 1, 0, 1, 1, 0, 1, 2, 1, 1, 2, 0, 0, 1, 0, 0, 2, 3, 0, 1, 1, 2, 0, 0, 0, 1, 1, 0, 0, 2, 2, 0, 1]","[18, 13, 13, 13, 6, 15, 6, 7, 12, 6, 13, 18, 13, 13, 13, 13, 18, 14, 12, 12, 18, 12, 13, 19, 12, 19, 13, 12, 13, 14, 12, 12, 13, 12, 12, 12, 21, 12, 13, 13, 14, 6, 6, 6, 16, 7, 12, 6, 20, 14, 12, 13]","[1, 0, 1, 0, 0, 0, 0, 0, 0, 0, 1, 1, 1, 2, 0, 1, 0, 1, 1, 3, 1, 1, 0, 2, 0, 0, 1, 0, 0, 1, 0, 1, 0, 0, 0, 0, 0, 1, 1, 1, 1, 1, 0, 0, 2, 0, 1, 0, 0, 0, 0, 0]"
"MG Neser","[18]","[0]","[6]","[0]"
"MJ Henry","[23, 13]","[0, 0]","[12, 6]","[0, 0]"
"MJ McClenaghan","[20, 20, 11, 9, 14, 7, 9, 22, 22, 18, 9, 16, 16, 15, 11, 16, 26, 16, 7, 22, 26, 23, 15, 14, 16, 24, 20, 13, 7, 12, 14, 12, 21, 21, 17, 18, 14, 14, 12, 30, 12, 27, 9, 9, 13, 19, 13, 16, 17, 15, 18, 9, 15, 8, 18]","[0, 3, 0, 1, 0, 1, 0, 1, 0, 0, 0, 1, 2, 0, 0, 1, 9, 0, 1, 1, 0, 0, 3, 0, 0, 0, 0, 1, 0, 3, 2, 1, 4, 6, 1, 0, 1, 1, 2, 2, 0, 0, 0, 1, 0, 1, 0, 0, 0, 0, 0, 0, 1, 0, 0]","[12, 14, 12, 13, 12, 13, 6, 13, 12, 12, 12, 7, 13, 12, 12, 13, 19, 12, 13, 19, 18, 12, 14, 12, 12, 12, 12, 12, 6, 15, 14, 13, 15, 13, 13, 12, 13, 13, 19, 14, 12, 18, 12, 6, 12, 12, 12, 12, 12, 12, 12, 12, 13, 6, 6]","[1, 0, 0, 1, 1, 3, 0, 0, 1, 1, 1, 0, 1, 0, 2, 1, 3, 0, 1, 0, 1, 1, 0, 1, 2, 0, 0, 0, 0, 0, 1, 1, 0, 0, 0, 0, 0, 0, 2, 0, 1, 0, 1, 0, 0, 1, 1, 0, 0, 1, 0, 1, 0, 0, 0]"
"MJ Santner","[17, 15, 5, 15, 7]","[1, 5, 3, 0, 0]","[7, 13, 7, 6, 6]","[0, 1, 1, 0, 0]"
"MM Ali","[4, 10, 3, 14]","[1, 0, 0, 0]","[6, 6, 12, 6]","[0, 0, 0, 0]"
"MM Patel","[7, 25, 25, 27, 15, 4, 22, 13, 10, 17, 17, 10, 19, 1, 14, 2, 5, 6, 10, 7, 3, 7, 14, 13, 16, 23, 10, 40, 11, 5, 8, 6, 24, 15, 4, 6, 15, 4, 13, 10, 12, 8, 10, 7, 14, 13, 12, 20, 9, 8, 14, 27, 17, 31, 14, 8, 21, 24, 12]","[0, 0, 0, 0, 0, 0, 2, 0, 2, 1, 0, 0, 0, 0, 0, 0, 0, 0, 0, 0, 0, 0, 2, 1, 0, 0, 0, 0, 0, 2, 2, 0, 1, 0, 0, 1, 4, 1, 4, 1, 1, 0, 0, 0, 0, 0, 4, 0, 1, 1, 0, 1, 0, 5, 0, 0, 1, 0, 0]","[6, 18, 18, 12, 6, 6, 19, 12, 7, 13, 18, 12, 6, 6, 12, 6, 6, 6, 6, 6, 6, 12, 20, 19, 6, 18, 6, 18, 6, 12, 12, 6, 19, 12, 12, 6, 12, 13, 12, 12, 13, 12, 6, 6, 12, 12, 12, 12, 7, 6, 18, 13, 18, 22, 18, 12, 13, 12, 6]","[0, 0, 1, 0, 0, 0, 0, 0, 0, 0, 1, 1, 0, 0, 0, 0, 0, 1, 0, 1, 0, 1, 2, 2, 0, 0, 0, 0, 0, 0, 0, 2, 1, 0, 1, 0, 1, 2, 1, 0, 0, 2, 0, 1, 2, 2, 0, 0, 0, 0, 1, 0, 1, 2, 0, 0, 1, 0, 0]"
"MM Sharma","[15, 11, 17, 4, 17, 15, 11, 3, 19, 8, 16, 6, 5, 16, 24, 24, 13, 15, 27, 11, 1, 14, 13, 10, 9, 19, 16, 19, 11, 21, 16, 17, 14, 17, 28, 20, 23, 12, 1, 5, 15, 3, 6, 8, 9, 13, 22, 3, 25, 21, 23, 22, 17, 11, 18, 20, 7, 14, 32, 8, 19, 19, 17, 16, 13, 3, 11, 7, 13, 19, 14, 11, 9, 4, 6, 23]","[0, 0, 0, 0, 0, 0, 0, 0, 0, 0, 0, 0, 1, 0, 1, 1, 0, 0, 2, 0, 0, 1, 0, 2, 0, 0, 0, 1, 0, 0, 1, 1, 0, 1, 0, 0, 0, 0, 0, 0, 0, 0, 1, 0, 0, 0, 0, 0, 0, 1, 1, 0, 0, 0, 0, 0, 0, 0, 1, 0, 0, 0, 0, 0, 0, 0, 1, 0, 0, 0, 0, 1, 1, 0, 0, 1]","[12, 6, 12, 6, 6, 12, 6, 6, 12, 6, 6, 6, 6, 12, 12, 13, 12, 6, 12, 12, 6, 13, 12, 20, 6, 12, 18, 18, 12, 18, 19, 13, 18, 19, 18, 18, 12, 12, 6, 6, 6, 6, 12, 6, 6, 6, 12, 6, 12, 13, 19, 18, 18, 6, 12, 12, 6, 6, 13, 6, 12, 18, 12, 6, 6, 6, 7, 6, 12, 12, 12, 7, 13, 6, 6, 13]","[0, 0, 0, 1, 0, 1, 0, 0, 0, 1, 0, 0, 0, 1, 2, 0, 0, 0, 0, 1, 0, 1, 0, 3, 0, 0, 2, 1, 3, 2, 0, 0, 1, 2, 0, 1, 0, 1, 1, 0, 0, 2, 1, 0, 0, 0, 0, 1, 0, 0, 0, 2, 1, 0, 0, 0, 0, 0, 0, 1, 0, 1, 0, 0, 0, 0, 0, 0, 2, 0, 0, 0, 1, 0, 0, 0]"
"MN Samuels","[12, 6, 8, 4, 2, 11, 9, 14, 15]","[1, 0, 0, 0, 0, 0, 0, 0, 1]","[13, 12, 6, 6, 6, 6, 6, 12, 13]","[0, 1, 0, 0, 1, 0, 0, 1, 0]"
"MP Stoinis","[14, 11, 8, 4, 4, 8, 13, 12, 4, 17, 12, 20, 13]","[1, 0, 0, 1, 0, 1, 0, 0, 0, 0, 1, 0, 0]","[7, 6, 6, 6, 6, 7, 6, 6, 6, 12, 6, 6, 6]","[1, 0, 0, 0, 0, 2, 1, 1, 0, 0, 0, 0, 0]"
"MR Marsh","[6, 14, 17, 9, 9, 17, 13, 28, 1, 10]","[0, 1, 0, 0, 2, 1, 0, 0, 0, 0]","[4, 7, 12, 6, 6, 7, 6, 6, 6, 18]","[0, 0, 0, 1, 0, 0, 0, 0, 2, 1]"
"MS Gony","[17, 33, 12, 33, 26, 29, 26, 7, 24, 19, 31, 15, 7, 32, 16, 7, 25, 13, 25, 21, 20, 19, 9, 23, 33, 20, 28, 5, 23, 24, 8, 9, 17, 33, 11, 22]","[2, 2, 5, 1, 0, 1, 1, 0, 1, 0, 3, 0, 1, 0, 1, 1, 0, 0, 3, 0, 1, 0, 0, 1, 0, 0, 2, 0, 1, 0, 0, 2, 0, 1, 0, 0]","[8, 20, 18, 19, 18, 13, 18, 12, 18, 18, 21, 18, 18, 18, 18, 13, 18, 12, 20, 12, 7, 6, 12, 13, 18, 12, 14, 6, 7, 12, 12, 7, 12, 19, 6, 12]","[0, 1, 1, 1, 1, 0, 0, 1, 1, 1, 0, 0, 2, 0, 1, 2, 1, 0, 1, 1, 0, 0, 0, 1, 1, 0, 0, 1, 0, 0, 0, 0, 0, 0, 0, 0]"
"Mashrafe Mortaza","[26]","[1]","[13]","[0]"
"Mohammad Asif","[11, 22, 25, 7, 18, 15, 28, 21]","[0, 0, 2, 1, 1, 0, 2, 0]","[18, 12, 12, 7, 13, 6, 14, 12]","[2, 1, 0, 0, 0, 0, 0, 0]"
"Mohammad Nabi","[10, 10, 15, 11, 24, 14, 19, 5, 8, 4, 9, 5]","[0, 0, 1, 0, 0, 4, 1, 0, 0, 0, 0, 0]","[6, 18, 12, 12, 12, 18, 18, 12, 6, 6, 12, 6]","[0, 1, 0, 1, 0, 3, 1, 1, 0, 0, 0, 0]"
"Mohammed Shami","[19, 17, 15, 18, 20, 22, 12, 14, 16, 9, 13, 16, 20, 3, 4, 25, 13, 36, 13, 10, 13, 12, 28, 8, 17, 8, 16, 20, 27, 19, 22, 21, 18, 18, 15, 13, 20, 16, 24, 15, 19, 13, 13, 15, 14, 10, 14, 35, 27, 16, 18, 25, 8, 24, 10, 15]","[1, 4, 0, 3, 1, 0, 0, 0, 0, 0, 0, 0, 1, 0, 0, 0, 0, 2, 0, 0, 1, 2, 1, 0, 5, 1, 6, 0, 0, 1, 1, 4, 1, 0, 2, 0, 1, 1, 10, 0, 3, 1, 0, 0, 0, 5, 0, 4, 3, 1, 0, 1, 1, 0, 0, 0]","[13, 6, 6, 14, 13, 18, 6, 6, 12, 12, 6, 12, 13, 12, 12, 12, 12, 19, 6, 12, 12, 21, 19, 6, 13, 12, 14, 18, 18, 18, 13, 12, 12, 12, 14, 12, 13, 13, 23, 12, 13, 12, 12, 12, 12, 7, 12, 20, 20, 6, 12, 18, 6, 12, 6, 6]","[0, 1, 0, 1, 0, 0, 0, 0, 0, 1, 0, 0, 0, 0, 1, 0, 0, 1, 0, 0, 0, 3, 0, 0, 0, 1, 0, 2, 2, 1, 0, 0, 0, 0, 0, 0, 0, 1, 1, 0, 0, 1, 0, 0, 0, 0, 0, 0, 1, 0, 1, 0, 0, 0, 0, 0]"
"Mohammed Siraj","[28, 13, 12, 19, 16, 22, 16, 15, 5, 2, 6, 15, 11, 19, 1, 24, 12, 4, 3, 9, 12, 14, 20, 15, 24, 11]","[0, 0, 0, 0, 1, 0, 5, 1, 1, 0, 0, 0, 0, 0, 0, 0, 0, 0, 1, 1, 0, 1, 0, 0, 8, 0]","[12, 6, 12, 12, 7, 12, 7, 7, 7, 6, 6, 6, 6, 12, 6, 6, 6, 6, 18, 7, 6, 12, 12, 6, 21, 12]","[1, 0, 1, 1, 0, 0, 0, 0, 0, 1, 1, 0, 0, 0, 0, 0, 0, 0, 3, 1, 0, 1, 0, 0, 2, 0]"
"Monu Kumar","[7]","[2]","[8]","[0]"
"Mujeeb Ur Rahman","[11, 4, 7, 20, 2, 14, 7, 17, 8, 24, 28, 12]","[1, 1, 0, 1, 1, 1, 0, 0, 4, 5, 5, 0]","[13, 12, 6, 13, 7, 12, 8, 12, 8, 20, 13, 12]","[1, 1, 0, 1, 1, 0, 0, 0, 1, 0, 0, 0]"
"Mustafizur Rahman","[19, 9, 7, 24, 6, 10, 10, 3, 9, 2, 0, 22, 3, 2, 9, 4, 9, 3]","[0, 0, 0, 0, 0, 0, 0, 0, 0, 0, 0, 3, 0, 0, 1, 0, 1, 0]","[6, 6, 12, 12, 6, 12, 12, 6, 6, 6, 6, 14, 6, 6, 7, 6, 13, 6]","[0, 0, 1, 0, 0, 1, 0, 0, 0, 0, 1, 0, 1, 1, 0, 1, 0, 0]"
"N Rana","[0, 1, 5]","[0, 0, 0]","[1, 6, 6]","[0, 0, 0]"
"NA Saini","[8, 25, 31, 18, 14, 10, 24, 7, 1, 13, 11, 12, 26, 10, 11, 16, 0, 14, 9, 4, 17, 13, 12, 14, 12]","[1, 0, 5, 1, 1, 0, 1, 0, 0, 0, 0, 0, 1, 0, 0, 2, 0, 0, 0, 1, 0, 0, 2, 1, 0]","[6, 18, 18, 13, 13, 12, 13, 12, 6, 6, 6, 6, 12, 6, 6, 14, 6, 6, 6, 13, 12, 12, 14, 12, 12]","[0, 0, 0, 1, 0, 0, 0, 1, 0, 0, 0, 0, 1, 1, 0, 0, 1, 0, 0, 0, 0, 0, 1, 1, 0]"
"NB Singh","[8, 10]","[1, 3]","[12, 13]","[1, 0]"
"ND Doshi","[13, 5, 14]","[0, 0, 0]","[6, 6, 6]","[0, 0, 1]"
"NJ Rimmington","[14]","[1]","[12]","[0]"
"NL McCullum","[12]","[0]","[12]","[0]"
"NLTC Perera","[9, 10, 5, 9, 11, 1, 12, 6, 9, 3, 8, 19, 7, 5, 7, 3, 9, 13, 6, 14, 24, 9, 9, 3, 12]","[1, 1, 0, 0, 1, 0, 0, 1, 0, 0, 1, 0, 0, 0, 0, 0, 0, 0, 0, 0, 0, 0, 0, 0, 0]","[6, 7, 6, 6, 6, 6, 6, 6, 6, 6, 7, 12, 6, 6, 6, 6, 12, 12, 6, 6, 18, 6, 6, 6, 6]","[0, 0, 0, 0, 0, 2, 0, 0, 0, 0, 1, 1, 0, 0, 1, 0, 1, 0, 0, 0, 0, 0, 0, 0, 0]"
"NM Coulter-Nile","[10, 16, 22, 19, 6, 41, 6, 18, 6, 14, 7, 6, 17, 3, 12, 25, 6, 10, 14, 17, 21, 12, 14, 16, 11, 13, 11, 12, 15]","[0, 1, 4, 0, 0, 2, 0, 1, 0, 3, 0, 0, 1, 0, 3, 0, 1, 0, 4, 3, 1, 2, 0, 0, 0, 0, 4, 1, 0]","[6, 7, 21, 12, 6, 20, 6, 13, 6, 15, 6, 6, 19, 12, 13, 18, 13, 12, 12, 15, 19, 13, 12, 18, 12, 12, 12, 7, 6]","[0, 1, 3, 0, 0, 0, 0, 0, 0, 1, 0, 0, 1, 1, 2, 0, 0, 0, 0, 0, 0, 1, 0, 2, 1, 0, 0, 0, 0]"
"O Thomas","[17, 20, 8, 13]","[1, 2, 3, 0]","[12, 12, 7, 6]","[0, 0, 2, 0]"
"P Amarnath","[12]","[0]","[6]","[0]"
"P Awana","[12, 17, 6, 18, 14, 8, 19, 10, 8, 5, 6, 3, 7, 9, 18, 9, 4, 17, 16, 12, 8, 28, 18, 16, 13, 42, 20]","[1, 0, 0, 2, 0, 0, 1, 0, 1, 0, 0, 0, 0, 0, 0, 1, 0, 0, 0, 0, 0, 2, 1, 1, 0, 2, 0]","[12, 18, 6, 13, 6, 6, 7, 6, 6, 12, 6, 6, 6, 6, 12, 12, 6, 12, 12, 18, 6, 14, 13, 18, 12, 13, 12]","[0, 3, 0, 0, 0, 0, 0, 1, 0, 3, 0, 0, 0, 1, 0, 1, 1, 0, 0, 1, 0, 0, 1, 2, 0, 0, 0]"
"P Kumar","[7, 16, 39, 17, 12, 18, 19, 14, 16, 3, 5, 12, 11, 21, 12, 20, 15, 15, 2, 7, 22, 24, 9, 7, 9, 9, 10, 23, 13, 26, 13, 11, 10, 9, 10, 12, 10, 23, 31, 10, 17, 37, 29, 12, 13, 18, 24, 20, 39, 14, 15, 15, 11, 13, 17, 11, 26, 30, 24, 16, 19, 25, 19, 8, 14, 14, 4, 25, 7, 12, 18, 16, 27, 12, 11, 14, 26, 12, 10, 10, 19, 17, 15, 11, 12, 18, 10, 17, 19, 13, 15, 8, 5, 19, 11, 15, 11, 11, 9, 13, 10, 6, 10, 12, 20, 31, 12, 10, 23, 22, 20, 12, 7, 8, 12, 18, 19, 17]","[0, 0, 2, 7, 0, 2, 4, 1, 0, 0, 0, 0, 0, 6, 0, 6, 1, 0, 0, 3, 1, 4, 2, 0, 1, 0, 0, 0, 0, 2, 0, 3, 0, 2, 1, 6, 1, 0, 0, 0, 1, 2, 5, 1, 1, 3, 0, 1, 4, 0, 2, 0, 1, 0, 5, 0, 1, 2, 3, 2, 3, 2, 2, 1, 0, 0, 0, 2, 1, 0, 0, 0, 5, 0, 1, 5, 4, 0, 2, 0, 0, 2, 0, 0, 1, 1, 1, 3, 0, 1, 2, 0, 1, 2, 0, 2, 0, 1, 0, 1, 0, 1, 0, 0, 3, 6, 0, 1, 0, 0, 1, 0, 0, 1, 2, 0, 7, 2]","[6, 12, 20, 17, 6, 19, 19, 13, 12, 6, 6, 6, 6, 14, 12, 20, 6, 12, 6, 21, 12, 12, 13, 6, 13, 12, 12, 12, 12, 13, 12, 9, 12, 14, 13, 13, 13, 12, 12, 12, 18, 20, 19, 18, 13, 18, 18, 18, 21, 12, 12, 18, 12, 18, 19, 18, 19, 19, 19, 20, 20, 18, 20, 12, 18, 12, 18, 19, 12, 12, 12, 18, 19, 12, 13, 19, 18, 18, 13, 18, 18, 19, 12, 12, 13, 13, 12, 19, 18, 19, 18, 6, 7, 14, 6, 8, 6, 6, 12, 6, 6, 7, 12, 12, 19, 14, 12, 18, 18, 12, 13, 18, 18, 12, 14, 18, 14, 13]","[0, 1, 1, 1, 0, 2, 0, 0, 1, 0, 0, 0, 0, 0, 0, 0, 0, 0, 1, 2, 0, 1, 0, 0, 0, 0, 0, 0, 2, 0, 0, 0, 0, 0, 0, 0, 1, 0, 0, 0, 1, 0, 0, 2, 1, 2, 0, 1, 0, 0, 0, 0, 0, 2, 0, 0, 0, 0, 1, 1, 0, 0, 0, 0, 0, 0, 0, 0, 1, 0, 1, 2, 0, 1, 0, 0, 1, 1, 0, 1, 0, 1, 0, 0, 0, 1, 0, 1, 1, 1, 0, 1, 0, 0, 1, 0, 0, 0, 0, 0, 1, 0, 0, 0, 0, 0, 0, 0, 1, 0, 0, 1, 2, 0, 0, 0, 0, 0]"
"P Negi","[12, 8, 15, 10, 19]","[0, 0, 0, 0, 0]","[12, 6, 12, 6, 6]","[0, 1, 1, 1, 0]"
"P Parameswaran","[17, 3, 37, 7, 1]","[0, 0, 1, 0, 0]","[12, 6, 7, 6, 6]","[1, 0, 0, 0, 1]"
"P Sahu","[11]","[2]","[7]","[0]"
"P Suyal","[22, 34, 11, 20, 6]","[2, 3, 1, 1, 0]","[19, 15, 12, 13, 6]","[1, 0, 0, 0, 0]"
"PJ Cummins","[16, 7, 7, 28, 8, 6, 19, 19, 11, 3, 20, 5, 22, 15, 15, 13, 21, 20, 17, 18, 29, 16, 20, 11, 3, 16, 35, 16, 18]","[1, 1, 0, 0, 0, 0, 0, 6, 0, 0, 3, 0, 2, 2, 1, 0, 0, 0, 0, 5, 2, 5, 1, 0, 0, 0, 7, 1, 2]","[13, 7, 6, 12, 6, 6, 12, 7, 6, 6, 19, 12, 19, 18, 7, 12, 12, 18, 18, 12, 19, 13, 18, 18, 6, 12, 14, 12, 14]","[1, 0, 0, 1, 0, 0, 0, 0, 1, 1, 0, 2, 0, 1, 0, 0, 0, 0, 0, 0, 4, 0, 0, 1, 0, 1, 1, 0, 0]"
"PJ Sangwan","[27, 38, 12, 18, 15, 20, 9, 8, 6, 20, 12, 19, 21, 5, 9, 10, 11, 26, 6, 10, 12, 3, 18, 1, 17, 6, 10, 15, 9, 15, 21, 17, 18, 21, 16]","[1, 3, 0, 0, 0, 1, 0, 1, 4, 3, 1, 7, 2, 1, 2, 0, 0, 1, 0, 1, 1, 1, 0, 1, 1, 0, 0, 0, 2, 1, 4, 0, 1, 0, 1]","[19, 19, 12, 12, 12, 12, 6, 7, 6, 21, 7, 9, 12, 7, 7, 6, 12, 13, 6, 13, 7, 13, 6, 7, 7, 6, 6, 12, 7, 13, 16, 6, 12, 12, 7]","[2, 1, 1, 2, 0, 0, 0, 0, 0, 1, 1, 0, 0, 1, 0, 1, 0, 1, 0, 1, 0, 2, 0, 1, 0, 0, 0, 0, 0, 0, 0, 0, 0, 0, 0]"
"PM Sarvesh Kumar","[8]","[1]","[7]","[0]"
"PP Chawla","[15, 4, 7, 21, 31, 10, 4, 13, 11, 21, 7, 17, 14, 10, 11, 10, 17, 11, 15, 13, 12, 11, 3, 14, 12, 7, 5, 3, 8, 11, 5, 6, 1, 12, 6, 6, 6, 8, 10, 12, 10, 3, 2, 10]","[1, 0, 1, 0, 0, 0, 1, 0, 0, 0, 0, 0, 0, 0, 0, 0, 0, 0, 0, 0, 0, 0, 0, 5, 1, 0, 5, 0, 5, 0, 0, 0, 0, 0, 0, 0, 0, 0, 0, 0, 0, 0, 0, 0]","[13, 6, 13, 18, 12, 6, 7, 18, 6, 12, 12, 12, 6, 6, 6, 12, 12, 6, 12, 18, 6, 6, 6, 7, 6, 6, 6, 6, 7, 6, 6, 6, 6, 6, 6, 6, 6, 6, 6, 6, 6, 6, 6, 6]","[1, 1, 2, 1, 0, 0, 1, 0, 0, 0, 0, 1, 0, 1, 0, 1, 0, 1, 0, 0, 0, 0, 1, 1, 0, 1, 0, 0, 1, 0, 0, 1, 0, 0, 0, 1, 0, 0, 0, 0, 1, 1, 0, 0]"
"PP Ojha","[16, 17, 8, 3, 3, 12, 5, 5, 11, 10, 7, 6, 5, 9, 3, 18, 9, 10, 11, 8, 13, 7, 7, 12, 7, 3, 13, 6, 10, 12, 9, 13, 14, 12, 10]","[0, 0, 0, 0, 0, 0, 1, 0, 0, 0, 4, 0, 0, 0, 0, 0, 1, 0, 0, 1, 1, 0, 0, 0, 0, 0, 0, 0, 0, 0, 0, 0, 1, 0, 1]","[6, 6, 6, 6, 6, 6, 6, 6, 6, 6, 6, 6, 6, 6, 6, 6, 6, 6, 12, 7, 6, 6, 6, 12, 6, 6, 12, 6, 6, 6, 6, 12, 7, 12, 7]","[0, 0, 0, 1, 1, 0, 0, 0, 0, 0, 1, 0, 0, 0, 0, 0, 0, 0, 1, 1, 0, 0, 0, 0, 0, 0, 0, 0, 0, 0, 0, 2, 0, 0, 0]"
"PV Tambe","[9, 9, 11, 8, 9, 12, 2, 6, 8, 13, 5, 11, 11]","[1, 2, 0, 0, 0, 1, 0, 0, 0, 0, 0, 0, 0]","[7, 6, 6, 6, 6, 7, 6, 6, 6, 6, 6, 6, 6]","[0, 0, 0, 0, 0, 0, 1, 1, 0, 0, 1, 0, 0]"
"Pankaj Singh","[6, 10, 12, 20, 19, 14, 6, 8, 12, 8, 19, 22, 11, 13, 15]","[0, 0, 1, 2, 1, 0, 0, 2, 1, 0, 0, 0, 0, 0, 0]","[6, 6, 7, 14, 19, 6, 12, 7, 6, 12, 12, 18, 12, 6, 12]","[0, 0, 0, 0, 2, 0, 1, 0, 0, 2, 0, 1, 1, 0, 1]"
"Parvez Rasool","[9, 3, 21, 6, 10, 21, 7, 24]","[0, 0, 0, 0, 0, 0, 1, 0]","[6, 6, 6, 6, 12, 12, 6, 12]","[0, 0, 0, 0, 1, 0, 0, 0]"
"R Ashwin","[6, 17, 13, 7, 12, 9, 9, 15, 16, 6, 8, 8, 11, 12, 6, 2, 6, 6, 15, 5, 13, 12, 5, 3, 7, 18, 12, 15, 10, 3, 8, 10, 3, 16, 13, 12, 18, 8, 11, 16, 16, 29, 1, 11, 8, 13, 11, 12, 10, 12, 9, 14, 11, 9, 3, 12, 8, 34, 5, 16, 2, 13, 11, 7, 8, 15, 15, 7, 15, 6, 7, 3, 8, 22, 21, 1, 10, 5, 3, 17, 3, 7, 16, 3, 2, 14, 4, 22, 11, 12, 4, 11, 21, 10, 31]","[0, 0, 0, 0, 0, 0, 0, 0, 3, 0, 0, 0, 0, 0, 0, 0, 0, 0, 0, 0, 0, 0, 0, 0, 0, 0, 2, 0, 1, 0, 2, 0, 0, 2, 2, 1, 4, 0, 0, 1, 5, 1, 0, 0, 0, 1, 0, 1, 0, 5, 0, 0, 1, 1, 0, 0, 0, 0, 0, 2, 0, 1, 1, 0, 0, 0, 0, 0, 0, 0, 0, 0, 1, 1, 3, 0, 0, 1, 0, 1, 0, 0, 0, 0, 0, 1, 0, 0, 0, 1, 0, 0, 3, 1, 2]","[6, 12, 12, 6, 4, 6, 6, 12, 15, 6, 6, 6, 6, 6, 6, 6, 12, 6, 6, 6, 6, 6, 12, 6, 6, 12, 8, 12, 6, 6, 8, 6, 6, 14, 19, 19, 18, 12, 18, 19, 13, 19, 6, 6, 12, 12, 6, 19, 6, 12, 18, 18, 13, 12, 6, 18, 12, 18, 6, 12, 6, 13, 13, 6, 6, 12, 12, 6, 6, 6, 6, 6, 13, 12, 15, 6, 12, 6, 6, 6, 18, 6, 12, 6, 6, 13, 6, 18, 18, 7, 6, 12, 15, 7, 13]","[0, 0, 0, 1, 0, 0, 0, 0, 1, 0, 1, 0, 0, 0, 0, 2, 1, 0, 0, 1, 0, 0, 0, 1, 2, 1, 0, 0, 0, 0, 2, 0, 0, 0, 2, 3, 1, 0, 0, 0, 0, 0, 1, 1, 2, 0, 0, 2, 1, 0, 1, 1, 1, 2, 0, 0, 2, 0, 0, 0, 1, 0, 1, 0, 0, 0, 0, 0, 0, 0, 0, 0, 1, 0, 2, 1, 0, 0, 1, 0, 1, 0, 0, 1, 1, 0, 0, 0, 0, 0, 0, 0, 0, 0, 2]"
"R Bhatia","[18, 7]","[0, 0]","[6, 6]","[0, 0]"
"R Dhawan","[7, 5, 7, 6, 12, 9, 18, 13, 18, 7]","[0, 0, 0, 0, 0, 0, 2, 0, 0, 1]","[6, 12, 6, 6, 6, 6, 13, 6, 12, 7]","[0, 1, 0, 1, 0, 0, 0, 0, 0, 0]"
"R McLaren","[19, 14, 16, 19, 16, 6, 9, 11, 17, 5, 4, 10, 9, 34, 31]","[0, 2, 3, 5, 0, 0, 0, 0, 2, 0, 0, 1, 0, 2, 1]","[12, 7, 20, 13, 12, 6, 6, 12, 13, 6, 6, 6, 6, 20, 13]","[0, 0, 1, 0, 0, 0, 0, 1, 0, 0, 0, 0, 1, 1, 0]"
"R Parag","[10]","[0]","[6]","[1]"
"R Rampaul","[5, 25, 16, 18, 23, 8, 16, 6, 7, 8, 10, 21]","[1, 2, 0, 1, 0, 0, 0, 1, 0, 0, 1, 0]","[13, 25, 18, 13, 12, 12, 12, 12, 12, 6, 19, 12]","[1, 2, 1, 1, 0, 1, 0, 1, 1, 0, 1, 1]"
"R Sharma","[3, 8, 3, 10, 10, 1, 6, 8, 10, 4, 18, 11, 9]","[0, 0, 1, 0, 0, 0, 0, 0, 0, 0, 0, 0, 1]","[6, 6, 6, 6, 6, 6, 6, 6, 6, 6, 12, 6, 12]","[0, 0, 1, 0, 0, 0, 0, 0, 0, 0, 0, 0, 1]"
"R Shukla","[6, 15, 25, 20, 1, 19]","[0, 1, 1, 0, 0, 4]","[6, 13, 12, 8, 6, 12]","[0, 2, 0, 1, 1, 0]"
"R Tewatia","[6, 9]","[0, 0]","[6, 6]","[0, 0]"
"R Vinay Kumar","[14, 16, 8, 5, 3, 1, 12, 5, 16, 10, 17, 16, 11, 11, 7, 8, 6, 13, 19, 13, 11, 14, 8, 4, 11, 22, 9, 12, 18, 1, 7, 8, 12, 8, 7, 9, 7, 12, 29, 7, 23, 16, 18, 18, 14, 8, 4, 20, 18, 1, 14, 20, 4, 13, 17, 4, 10, 10, 15, 27, 9, 12, 18, 8, 35, 13, 15, 8, 22, 14, 9, 8, 18, 11, 22, 7]","[0, 0, 1, 0, 0, 0, 0, 1, 0, 1, 0, 1, 0, 0, 0, 0, 0, 0, 0, 2, 0, 0, 1, 0, 2, 6, 0, 0, 0, 0, 1, 0, 0, 3, 0, 0, 1, 0, 1, 0, 0, 1, 0, 2, 0, 1, 0, 1, 0, 0, 4, 0, 0, 0, 0, 1, 0, 0, 0, 1, 0, 0, 4, 1, 0, 0, 0, 0, 0, 0, 0, 0, 0, 1, 0, 0]","[6, 6, 7, 6, 6, 6, 6, 6, 12, 13, 18, 7, 6, 12, 6, 6, 6, 12, 12, 12, 12, 12, 7, 6, 13, 13, 12, 12, 12, 6, 6, 12, 12, 6, 6, 6, 7, 12, 18, 6, 18, 19, 12, 20, 12, 13, 6, 7, 12, 6, 6, 12, 6, 12, 6, 7, 6, 6, 12, 18, 12, 12, 12, 12, 18, 18, 12, 12, 12, 6, 6, 6, 12, 13, 12, 12]","[0, 0, 0, 0, 0, 0, 0, 0, 0, 1, 2, 0, 0, 1, 0, 0, 1, 1, 0, 0, 2, 0, 0, 1, 1, 0, 0, 1, 0, 1, 0, 1, 0, 0, 0, 0, 0, 0, 0, 0, 0, 2, 1, 2, 1, 1, 0, 0, 1, 1, 0, 0, 0, 0, 0, 1, 1, 1, 0, 1, 1, 0, 0, 0, 0, 1, 1, 0, 0, 1, 0, 0, 1, 0, 1, 1]"
"RA Jadeja","[9, 19, 13, 6, 12, 11, 7, 13, 17, 16, 15, 9, 4, 1, 14, 17, 3]","[0, 0, 0, 0, 0, 0, 1, 0, 0, 0, 0, 1, 0, 0, 0, 2, 0]","[6, 12, 12, 6, 12, 6, 6, 6, 12, 6, 12, 7, 6, 6, 6, 8, 6]","[0, 1, 1, 0, 0, 0, 0, 0, 1, 0, 0, 0, 0, 2, 0, 0, 1]"
"RA Shaikh","[11]","[0]","[6]","[0]"
"RD Chahar","[12, 4, 10, 13, 12, 1, 9, 8, 14]","[2, 1, 0, 0, 0, 0, 0, 0, 0]","[13, 6, 6, 6, 6, 6, 6, 6, 6]","[1, 0, 0, 1, 0, 1, 0, 0, 0]"
"RE van der Merwe","[10, 19, 14, 6, 5, 6]","[0, 5, 0, 1, 0, 0]","[6, 7, 6, 7, 6, 6]","[0, 0, 0, 1, 1, 2]"
"RG More","[15]","[0]","[6]","[0]"
"RG Sharma","[8, 2, 8, 7, 17, 12, 13, 1]","[0, 1, 0, 0, 0, 3, 1, 0]","[6, 6, 6, 6, 12, 8, 7, 2]","[0, 2, 0, 0, 0, 0, 0, 0]"
"RJ Harris","[16, 10, 19, 14, 15, 18, 18, 24, 17, 6, 5, 10, 10, 10, 8, 14, 9, 14, 18, 13, 5, 24, 10, 5, 15, 8, 16, 22, 21, 20, 6, 8, 11, 6, 10, 25]","[0, 0, 1, 1, 2, 0, 1, 3, 0, 0, 2, 0, 0, 4, 1, 1, 0, 0, 0, 0, 1, 3, 2, 0, 6, 3, 5, 6, 0, 0, 0, 2, 0, 1, 0, 3]","[12, 12, 13, 18, 14, 18, 19, 19, 12, 6, 14, 12, 12, 14, 13, 19, 12, 12, 12, 12, 6, 12, 8, 6, 8, 13, 16, 12, 12, 12, 6, 13, 12, 12, 12, 14]","[0, 0, 0, 1, 0, 0, 2, 0, 0, 0, 1, 0, 1, 1, 2, 0, 0, 1, 1, 0, 0, 0, 0, 0, 0, 0, 2, 0, 1, 1, 0, 0, 0, 0, 0, 0]"
"RJ Peterson","[3, 7]","[0, 0]","[6, 6]","[0, 0]"
"RP Singh","[13, 27, 25, 7, 16, 12, 13, 9, 10, 25, 14, 25, 21, 22, 11, 13, 20, 26, 20, 12, 18, 10, 12, 11, 6, 15, 14, 13, 23, 9, 14, 9, 8, 20, 26, 10, 9, 14, 11, 14, 16, 21, 18, 16, 13, 23, 8, 12, 11, 23, 9, 22, 14, 23, 16, 17, 17, 12, 18, 32, 20, 8, 25, 3, 15, 16, 8, 10, 1, 15, 9, 10, 8, 13, 13, 12, 6, 19, 16, 21, 18, 23]","[4, 1, 3, 2, 0, 0, 6, 1, 0, 2, 0, 0, 1, 3, 0, 0, 4, 4, 2, 1, 1, 1, 0, 1, 1, 1, 1, 0, 1, 0, 2, 0, 1, 0, 4, 0, 5, 1, 1, 4, 0, 1, 7, 0, 3, 1, 4, 1, 1, 1, 0, 0, 3, 2, 0, 0, 3, 0, 0, 3, 0, 0, 2, 0, 1, 2, 0, 0, 0, 1, 0, 0, 2, 0, 2, 0, 0, 0, 0, 1, 2, 1]","[12, 19, 13, 13, 12, 12, 14, 13, 6, 13, 12, 12, 13, 21, 12, 18, 20, 16, 20, 19, 13, 13, 6, 13, 13, 13, 13, 12, 13, 12, 14, 6, 13, 6, 12, 6, 13, 13, 7, 14, 12, 13, 15, 12, 18, 19, 12, 12, 19, 19, 6, 12, 14, 20, 18, 12, 21, 12, 18, 19, 18, 6, 18, 12, 13, 14, 6, 6, 6, 7, 12, 12, 13, 6, 14, 12, 6, 6, 12, 12, 12, 19]","[1, 1, 0, 1, 0, 0, 1, 0, 0, 0, 0, 0, 1, 0, 2, 1, 1, 0, 1, 1, 0, 2, 0, 0, 0, 0, 1, 1, 0, 1, 1, 0, 0, 0, 0, 0, 2, 0, 0, 0, 0, 0, 0, 0, 0, 1, 1, 0, 2, 0, 0, 0, 0, 2, 1, 1, 1, 0, 1, 0, 1, 0, 0, 0, 2, 0, 0, 0, 0, 0, 0, 0, 1, 0, 0, 1, 0, 0, 0, 0, 0, 1]"
"RR Bhatkal","[20]","[0]","[6]","[0]"
"RR Bose","[24]","[0]","[12]","[0]"
"RR Powar","[3, 11, 9, 6, 4, 5, 16, 6, 9, 13, 8, 19, 17, 17, 20, 8]","[1, 1, 0, 1, 0, 1, 0, 0, 0, 2, 1, 1, 5, 1, 0, 0]","[7, 7, 6, 7, 6, 7, 6, 6, 6, 13, 7, 12, 19, 19, 6, 6]","[0, 0, 0, 0, 0, 0, 0, 2, 1, 0, 0, 0, 1, 2, 0, 0]"
"RR Raje","[9]","[1]","[7]","[0]"
"RW Price","[14]","[0]","[6]","[0]"
"Rashid Khan","[6, 3, 3, 7, 19, 9, 5, 11, 5, 12, 13, 7, 5, 7, 6, 16, 4, 10, 10, 6, 3]","[0, 0, 0, 0, 4, 1, 0, 2, 4, 0, 0, 0, 0, 0, 0, 0, 0, 0, 1, 0, 2]","[6, 6, 6, 6, 7, 6, 6, 14, 6, 6, 6, 6, 6, 6, 6, 6, 6, 9, 7, 6, 4]","[1, 1, 1, 1, 0, 0, 0, 0, 0, 0, 0, 0, 1, 1, 1, 0, 0, 0, 0, 0, 0]"
"Rasikh Salam","[17]","[2]","[14]","[0]"
"Ravi Bishnoi","[4, 13, 15, 11, 8]","[1, 3, 3, 1, 2]","[7, 6, 8, 7, 7]","[1, 0, 0, 0, 0]"
"S Aravind","[9, 2, 18, 19, 18, 20, 7, 11, 13, 26, 8, 14, 23, 18, 13, 13, 10, 7, 1, 7, 12, 27, 11, 24, 18, 6, 31, 12, 15, 20, 5, 18, 13, 21, 18, 15, 4]","[0, 0, 1, 0, 0, 3, 0, 1, 0, 2, 1, 0, 1, 2, 0, 0, 0, 0, 0, 1, 1, 1, 0, 0, 0, 0, 1, 0, 0, 6, 2, 0, 1, 0, 2, 0, 1]","[6, 6, 13, 6, 12, 20, 6, 6, 12, 8, 6, 6, 18, 20, 18, 12, 6, 6, 6, 13, 12, 19, 6, 12, 18, 12, 13, 12, 18, 14, 8, 18, 12, 12, 14, 12, 12]","[0, 0, 0, 0, 0, 0, 0, 0, 1, 0, 0, 0, 0, 1, 2, 0, 0, 1, 0, 1, 1, 2, 0, 0, 3, 1, 0, 1, 1, 1, 0, 1, 1, 0, 2, 1, 0]"
"S Badree","[8, 8, 18, 29, 11, 6, 31, 27, 26, 11, 5, 16]","[3, 0, 0, 0, 0, 0, 0, 2, 1, 5, 0, 0]","[19, 6, 6, 18, 12, 6, 12, 19, 19, 19, 12, 12]","[3, 0, 0, 2, 1, 0, 0, 0, 1, 0, 0, 0]"
"S Dhawan","[16, 11, 4]","[4, 0, 1]","[6, 6, 6]","[1, 0, 0]"
"S Gopal","[14, 7, 15, 5, 12, 1, 11, 10, 4, 14, 10, 17, 4]","[0, 0, 0, 0, 0, 0, 0, 0, 0, 0, 1, 0, 0]","[6, 6, 6, 6, 6, 6, 6, 12, 6, 12, 12, 6, 6]","[0, 1, 0, 1, 3, 0, 0, 0, 0, 1, 1, 0, 1]"
"S Kaul","[5, 8, 18, 5, 15, 12, 7, 7, 13, 14, 6, 14, 11, 6, 9, 8, 20, 8, 15, 5, 17, 12, 17, 10, 4, 8, 20, 28, 8, 8, 11, 9, 4, 14, 10, 7, 5, 17, 25]","[1, 0, 0, 0, 0, 0, 0, 0, 0, 0, 0, 0, 0, 0, 0, 0, 0, 0, 0, 0, 1, 0, 0, 0, 0, 0, 0, 1, 0, 2, 1, 0, 0, 0, 4, 4, 0, 0, 5]","[7, 6, 6, 6, 12, 6, 6, 6, 6, 6, 6, 6, 6, 6, 6, 6, 6, 6, 6, 6, 12, 12, 12, 6, 6, 6, 6, 13, 12, 7, 12, 6, 6, 12, 6, 8, 6, 12, 13]","[0, 0, 0, 1, 1, 0, 0, 1, 0, 0, 2, 0, 0, 0, 0, 0, 0, 0, 0, 0, 0, 2, 1, 0, 0, 0, 0, 1, 1, 0, 0, 1, 0, 0, 0, 1, 0, 0, 0]"
"S Kaushik","[29, 12]","[4, 1]","[12, 7]","[0, 0]"
"S Ladda","[11, 10, 7]","[1, 0, 0]","[6, 6, 6]","[0, 1, 0]"
"S Lamichhane","[11, 2, 13, 7, 10, 19, 27, 15]","[4, 0, 0, 0, 0, 0, 0, 0]","[12, 6, 6, 12, 6, 12, 12, 6]","[1, 0, 1, 1, 1, 0, 1, 0]"
"S Nadeem","[2, 10, 13, 10, 14, 8, 22, 25, 13, 14, 4, 18, 9, 8, 5, 15, 10, 3, 8, 8, 12, 20, 5, 4, 13, 9, 6, 7, 5, 6, 9, 11, 10, 19, 12, 14, 23]","[1, 1, 0, 0, 0, 0, 2, 0, 0, 1, 0, 0, 0, 1, 0, 2, 1, 0, 0, 0, 0, 0, 0, 0, 0, 0, 1, 2, 0, 0, 0, 1, 0, 0, 1, 0, 0]","[7, 7, 12, 6, 6, 6, 14, 12, 6, 6, 6, 6, 6, 7, 6, 7, 19, 6, 6, 6, 6, 12, 6, 6, 6, 6, 7, 7, 6, 6, 6, 6, 18, 12, 13, 12, 12]","[0, 0, 2, 0, 0, 1, 0, 0, 1, 0, 0, 0, 0, 1, 0, 0, 2, 0, 0, 0, 0, 0, 0, 0, 0, 0, 0, 0, 0, 0, 1, 0, 0, 0, 2, 0, 0]"
"S Narwal","[20, 35, 19, 15, 17]","[1, 0, 1, 0, 2]","[18, 12, 19, 6, 14]","[1, 0, 3, 0, 0]"
"S Randiv","[8, 13]","[1, 1]","[7, 7]","[0, 0]"
"S Sandeep Warrier","[24, 22, 20, 24]","[1, 0, 1, 1]","[18, 18, 19, 13]","[0, 2, 0, 0]"
"S Sreesanth","[21, 21, 5, 11, 24, 21, 9, 25, 25, 21, 33, 28, 21, 21, 7, 12, 14, 14, 21, 11, 10, 6, 15, 17, 27, 20, 14, 26, 13, 10, 8, 11, 16, 11, 26, 16, 23, 12, 14, 28, 7, 9, 17, 18]","[1, 4, 0, 0, 1, 5, 2, 4, 0, 1, 5, 8, 0, 0, 1, 1, 1, 0, 0, 2, 0, 0, 0, 8, 1, 3, 1, 4, 1, 3, 3, 5, 1, 1, 2, 1, 0, 1, 2, 1, 4, 0, 1, 0]","[13, 16, 6, 6, 19, 19, 20, 21, 18, 13, 22, 21, 18, 18, 7, 13, 13, 12, 6, 8, 12, 6, 18, 16, 13, 21, 13, 16, 13, 9, 15, 20, 19, 13, 19, 18, 18, 18, 7, 13, 13, 6, 7, 12]","[0, 1, 0, 0, 0, 2, 2, 2, 2, 1, 0, 1, 0, 2, 0, 0, 0, 1, 0, 0, 0, 0, 2, 0, 1, 1, 0, 0, 1, 0, 0, 2, 1, 0, 0, 2, 1, 1, 0, 0, 3, 0, 0, 0]"
"S Tyagi","[12, 19, 9, 11, 12, 22, 29, 29, 19, 17, 26, 14, 15]","[5, 2, 1, 1, 0, 2, 0, 0, 1, 0, 2, 0, 1]","[13, 19, 13, 12, 12, 13, 18, 18, 6, 18, 13, 12, 7]","[0, 2, 1, 0, 0, 1, 1, 0, 0, 0, 0, 0, 0]"
"SA Abbott","[22, 16]","[0, 0]","[12, 6]","[0, 0]"
"SA Yadav","[8]","[0]","[6]","[0]"
"SB Bangar","[3, 4, 6]","[0, 0, 1]","[6, 6, 6]","[1, 1, 0]"
"SB Jakati","[12, 10, 2, 11, 5, 7, 17, 19, 20, 24, 12]","[0, 0, 0, 0, 0, 0, 0, 1, 0, 1, 0]","[6, 6, 6, 6, 6, 6, 12, 19, 12, 12, 6]","[0, 0, 0, 0, 0, 0, 0, 1, 0, 0, 0]"
"SB Styris","[3, 3, 14, 5, 13, 7]","[0, 1, 1, 0, 0, 1]","[6, 7, 13, 6, 6, 7]","[0, 1, 0, 0, 0, 0]"
"SB Wagh","[16, 9, 10, 18, 13, 28, 18, 8]","[0, 1, 0, 0, 4, 7, 0, 0]","[6, 13, 12, 12, 12, 19, 12, 6]","[1, 2, 0, 0, 1, 0, 0, 0]"
"SC Ganguly","[3, 16, 13]","[0, 1, 0]","[6, 7, 6]","[0, 0, 0]"
"SC Kuggeleijn","[11]","[0]","[6]","[0]"
"SD Chitnis","[13]","[2]","[7]","[0]"
"SE Bond","[7, 6, 18, 4, 18, 20, 12, 10]","[0, 0, 0, 0, 1, 2, 0, 0]","[12, 6, 12, 12, 13, 13, 12, 12]","[0, 1, 0, 1, 0, 0, 0, 2]"
"SJ Srivastava","[22, 15, 25, 13, 11, 12, 23, 10, 18, 17, 21, 17, 7]","[0, 1, 0, 2, 2, 0, 0, 2, 6, 0, 6, 1, 0]","[12, 13, 12, 14, 13, 6, 12, 14, 7, 12, 14, 7, 6]","[1, 0, 0, 2, 0, 1, 0, 0, 0, 0, 0, 0, 1]"
"SK Raina","[24, 11, 6, 9, 3, 10, 17, 3]","[0, 0, 0, 0, 0, 0, 1, 0]","[12, 12, 6, 6, 6, 6, 12, 6]","[0, 1, 0, 0, 1, 0, 0, 0]"
"SK Trivedi","[7, 16, 7, 14, 8, 9, 9, 10, 7, 9, 1, 11, 8, 4, 7, 38, 13, 8, 12]","[1, 0, 1, 0, 0, 0, 1, 0, 0, 0, 0, 0, 0, 0, 2, 3, 2, 0, 1]","[7, 6, 7, 6, 6, 6, 7, 6, 12, 6, 6, 6, 6, 6, 7, 15, 8, 6, 7]","[0, 0, 1, 0, 0, 1, 1, 1, 1, 0, 0, 0, 1, 1, 0, 0, 0, 0, 0]"
"SK Warne","[4, 7, 17, 4, 15, 12]","[1, 0, 1, 0, 0, 0]","[6, 6, 7, 6, 6, 6]","[1, 0, 0, 0, 0, 0]"
"SL Malinga","[20, 12, 27, 7, 15, 6, 6, 11, 19, 5, 9, 8, 3, 12, 16, 5, 10, 19, 20, 14, 23, 13, 1, 22, 9, 13, 11, 1, 6, 17, 12, 27, 9, 17, 7, 5, 13, 4, 22, 14, 15, 2, 7, 14, 20, 17, 3, 15, 11, 7, 11, 22, 7, 5, 2, 8, 11, 4, 0, 6, 1, 23, 10, 3, 11, 11, 7, 9, 10, 16, 7, 12, 10, 10, 4, 6, 3, 5, 8, 12, 8, 24, 11, 16, 8, 20, 5, 8, 11, 3, 10, 9, 4, 12, 5, 14, 11, 5, 4, 2, 7, 12, 3, 11, 9, 33, 4, 9, 13, 9, 7, 4, 6, 15, 9, 6, 8]","[2, 1, 1, 0, 2, 0, 1, 0, 2, 0, 1, 0, 0, 0, 1, 0, 0, 5, 0, 0, 0, 0, 0, 1, 6, 1, 3, 0, 0, 0, 3, 4, 2, 3, 0, 1, 0, 0, 1, 0, 5, 2, 4, 0, 6, 0, 0, 0, 0, 1, 0, 0, 2, 1, 0, 0, 0, 3, 0, 2, 0, 0, 2, 0, 0, 2, 5, 0, 0, 0, 0, 1, 1, 0, 1, 1, 0, 0, 0, 1, 1, 4, 0, 0, 0, 0, 0, 0, 1, 0, 1, 2, 0, 0, 2, 7, 1, 0, 0, 0, 0, 2, 2, 1, 0, 3, 0, 2, 0, 0, 0, 0, 0, 0, 1, 0, 1]","[14, 12, 13, 6, 14, 6, 12, 6, 8, 12, 6, 12, 6, 12, 13, 6, 6, 12, 12, 12, 12, 6, 6, 13, 13, 13, 14, 6, 6, 12, 14, 21, 8, 15, 6, 13, 12, 6, 13, 12, 12, 7, 6, 12, 13, 12, 6, 12, 12, 13, 12, 12, 7, 7, 6, 12, 12, 8, 6, 7, 6, 12, 13, 6, 12, 14, 13, 6, 12, 12, 6, 13, 13, 18, 6, 7, 6, 6, 6, 12, 6, 12, 12, 12, 12, 12, 6, 6, 7, 6, 6, 13, 6, 12, 7, 13, 12, 6, 6, 6, 6, 14, 7, 7, 6, 15, 12, 14, 12, 6, 6, 6, 12, 12, 13, 12, 12]","[0, 0, 0, 0, 2, 0, 2, 0, 0, 1, 0, 0, 0, 0, 1, 0, 0, 0, 1, 0, 0, 0, 0, 0, 1, 0, 1, 0, 0, 0, 0, 0, 0, 0, 0, 1, 0, 0, 1, 0, 0, 2, 1, 0, 0, 1, 0, 1, 0, 2, 1, 0, 0, 0, 1, 0, 0, 0, 1, 0, 1, 0, 1, 0, 0, 1, 1, 0, 0, 0, 0, 0, 1, 0, 0, 0, 0, 0, 0, 0, 0, 0, 0, 0, 0, 1, 0, 0, 1, 1, 0, 2, 1, 1, 0, 0, 0, 0, 0, 0, 1, 0, 0, 0, 0, 0, 0, 0, 1, 0, 1, 1, 1, 0, 1, 1, 0]"
"SM Boland","[4, 18]","[0, 0]","[6, 12]","[0, 1]"
"SM Curran","[31, 9, 10, 21, 11, 16, 10, 17, 14, 15, 8, 20, 15, 15, 18, 8, 14, 13, 24]","[0, 2, 0, 0, 0, 1, 0, 1, 1, 0, 0, 0, 1, 3, 0, 0, 2, 1, 0]","[12, 6, 12, 12, 6, 13, 12, 13, 12, 12, 6, 12, 13, 15, 18, 12, 13, 13, 12]","[0, 0, 0, 0, 0, 1, 1, 0, 0, 0, 0, 0, 0, 0, 2, 0, 0, 1, 0]"
"SM Harwood","[4, 1, 2]","[0, 0, 1]","[6, 6, 7]","[1, 0, 0]"
"SM Pollock","[9, 25, 27, 10, 13, 11, 19, 20, 9, 10, 14, 25, 21]","[0, 5, 1, 0, 0, 0, 0, 0, 0, 1, 0, 0, 1]","[18, 13, 19, 6, 12, 18, 18, 18, 18, 19, 18, 12, 19]","[0, 0, 0, 0, 2, 1, 1, 0, 1, 3, 1, 0, 0]"
"SMSM Senanayake","[15, 10, 11, 12, 20, 15, 11, 17]","[2, 0, 0, 0, 0, 2, 0, 0]","[19, 12, 18, 6, 18, 20, 18, 18]","[0, 1, 0, 0, 0, 1, 1, 1]"
"SN Thakur","[6, 21, 11, 20, 17, 20, 14, 12, 5, 14, 12, 21, 8, 16, 8, 2, 11, 6, 7, 12, 12, 18, 17, 13, 11, 23, 32, 13, 16, 5, 10, 20, 8, 9, 11, 17, 19]","[0, 0, 0, 1, 2, 1, 2, 0, 1, 0, 0, 1, 0, 1, 0, 1, 0, 0, 0, 1, 0, 1, 1, 0, 1, 1, 0, 0, 0, 1, 0, 0, 0, 0, 2, 0, 1]","[6, 12, 6, 13, 13, 12, 20, 6, 7, 6, 12, 13, 12, 13, 6, 7, 12, 6, 6, 7, 6, 13, 13, 6, 12, 13, 18, 6, 12, 7, 6, 12, 6, 6, 7, 6, 7]","[0, 1, 0, 0, 0, 0, 3, 1, 0, 0, 1, 0, 1, 0, 0, 0, 0, 0, 1, 0, 0, 1, 0, 1, 0, 0, 0, 0, 1, 1, 0, 0, 0, 0, 0, 0, 0]"
"SP Narine","[17, 7, 8, 7, 8, 22, 20, 7, 15, 5, 11, 7, 3, 2, 4, 11, 18, 5, 11, 15, 5, 9, 6, 15, 15, 13, 15, 5, 11, 12, 3, 13, 0, 13, 9, 8, 4, 3, 1, 12, 11, 15, 5, 20, 7, 10, 6, 5, 5, 1, 6, 2, 6, 9, 6, 5, 2, 4, 4, 8, 2, 4, 4, 4, 2, 10, 9, 2, 3, 5, 6, 5, 5, 8, 1, 14, 13, 14, 6, 6, 3, 1, 6, 6, 8, 7, 2, 9, 4, 6, 10, 8, 4, 8, 2, 10, 9, 14, 16, 12]","[0, 0, 7, 0, 0, 0, 1, 5, 1, 0, 0, 2, 0, 0, 1, 0, 0, 0, 0, 1, 0, 0, 0, 0, 1, 1, 1, 0, 0, 0, 0, 1, 0, 0, 1, 0, 0, 0, 0, 3, 0, 0, 0, 0, 0, 0, 2, 0, 1, 0, 0, 0, 0, 0, 0, 0, 0, 0, 0, 0, 0, 0, 0, 0, 0, 0, 0, 0, 0, 0, 0, 0, 0, 0, 0, 0, 0, 0, 0, 0, 0, 0, 0, 0, 0, 0, 0, 4, 0, 1, 0, 0, 0, 0, 0, 0, 0, 5, 0, 1]","[12, 6, 8, 6, 12, 12, 13, 7, 7, 6, 12, 7, 6, 6, 13, 6, 6, 6, 6, 12, 6, 6, 6, 6, 13, 13, 7, 6, 6, 12, 6, 13, 6, 12, 6, 12, 6, 6, 6, 7, 6, 6, 6, 12, 6, 6, 13, 6, 6, 6, 6, 6, 6, 12, 6, 6, 6, 6, 6, 6, 6, 6, 6, 6, 6, 6, 6, 6, 6, 6, 6, 6, 6, 6, 6, 6, 12, 12, 6, 6, 6, 6, 6, 6, 6, 6, 6, 12, 6, 6, 6, 12, 6, 6, 6, 6, 6, 13, 12, 7]","[0, 0, 0, 0, 0, 0, 0, 1, 0, 1, 1, 0, 0, 0, 2, 0, 0, 0, 0, 0, 0, 0, 0, 0, 0, 0, 0, 0, 0, 0, 0, 2, 1, 1, 0, 1, 1, 0, 0, 0, 0, 0, 0, 0, 0, 0, 2, 0, 0, 0, 1, 0, 0, 0, 0, 0, 0, 0, 1, 0, 0, 0, 0, 1, 1, 0, 0, 0, 0, 0, 0, 0, 0, 1, 0, 0, 0, 0, 0, 0, 0, 1, 0, 0, 0, 0, 1, 0, 1, 0, 0, 1, 0, 0, 1, 0, 0, 1, 1, 0]"
"SR Watson","[17, 17, 9, 10, 2, 25, 13, 1, 12, 9, 27, 19, 23, 13, 21, 15, 23, 17, 17, 17, 28, 13, 5, 10, 19, 13, 20, 12, 11, 15, 17, 8, 17, 6, 8, 11, 3, 8, 9, 10, 14, 17, 9, 14, 14, 17, 14, 10, 10, 11, 18, 13, 1, 17, 16, 5, 6, 11, 6, 3, 11, 15, 9, 10, 16, 15, 1, 5, 4, 9, 9, 6, 4, 10, 10, 8, 4, 6, 8, 10, 6, 7, 7, 4, 9, 5, 8, 4]","[0, 0, 0, 0, 0, 1, 0, 0, 0, 0, 0, 1, 1, 0, 1, 0, 3, 5, 2, 2, 1, 1, 1, 1, 1, 0, 4, 1, 0, 0, 0, 0, 2, 0, 1, 0, 0, 0, 0, 1, 2, 0, 1, 1, 1, 1, 0, 0, 1, 0, 5, 1, 0, 3, 3, 0, 0, 0, 2, 1, 0, 0, 1, 0, 1, 0, 0, 2, 1, 3, 0, 0, 1, 0, 1, 1, 0, 0, 0, 0, 0, 0, 0, 2, 0, 2, 0, 0]","[6, 6, 6, 6, 6, 19, 6, 6, 6, 6, 12, 13, 13, 12, 19, 18, 20, 13, 13, 18, 18, 13, 13, 19, 12, 6, 10, 12, 12, 12, 18, 6, 19, 6, 12, 6, 6, 6, 6, 7, 18, 12, 12, 12, 13, 13, 12, 12, 7, 12, 13, 7, 6, 13, 13, 12, 6, 6, 7, 7, 6, 12, 6, 12, 13, 6, 6, 8, 6, 9, 6, 6, 7, 6, 13, 7, 6, 6, 6, 6, 6, 6, 6, 7, 6, 8, 6, 12]","[0, 0, 0, 0, 1, 1, 0, 0, 0, 0, 0, 0, 1, 0, 0, 2, 1, 1, 0, 1, 0, 0, 0, 3, 0, 0, 0, 1, 3, 0, 0, 0, 0, 1, 1, 0, 0, 0, 0, 0, 2, 0, 1, 0, 1, 0, 0, 0, 0, 1, 1, 0, 1, 0, 1, 1, 0, 0, 1, 0, 0, 0, 1, 0, 0, 0, 1, 0, 0, 1, 1, 0, 0, 0, 1, 0, 0, 0, 0, 0, 0, 1, 0, 0, 0, 1, 0, 1]"
"SS Agarwal","[11]","[0]","[6]","[0]"
"SS Cottrell","[6, 17, 17, 18, 22, 28]","[0, 1, 2, 0, 3, 6]","[12, 19, 20, 12, 15, 14]","[0, 1, 2, 0, 1, 0]"
"SS Mundhe","[6]","[1]","[7]","[1]"
"SS Sarkar","[15]","[0]","[6]","[0]"
"ST Jayasuriya","[10]","[0]","[6]","[0]"
"STR Binny","[3, 9, 14, 3, 3, 12, 1, 1, 7, 9, 4, 14, 17, 11, 17, 9, 16, 2, 13, 8, 11, 10]","[0, 0, 1, 0, 0, 0, 0, 0, 0, 0, 0, 1, 1, 0, 0, 0, 1, 0, 0, 0, 0, 1]","[6, 6, 7, 6, 6, 6, 6, 6, 6, 6, 6, 12, 7, 6, 12, 6, 13, 6, 12, 6, 6, 7]","[1, 1, 0, 0, 0, 0, 0, 2, 0, 0, 1, 1, 1, 0, 1, 0, 0, 0, 0, 0, 0, 0]"
"SW Tait","[24, 16, 15, 19, 8, 11, 13, 6, 12, 5, 18, 26, 11, 8, 7, 7, 19, 21, 7, 23, 28]","[5, 4, 1, 1, 2, 0, 1, 0, 1, 3, 7, 3, 3, 1, 4, 0, 3, 4, 2, 7, 3]","[17, 15, 12, 13, 7, 12, 6, 6, 12, 13, 14, 15, 15, 12, 15, 6, 15, 16, 14, 15, 15]","[0, 0, 0, 1, 1, 0, 0, 0, 2, 1, 0, 0, 1, 1, 0, 0, 0, 0, 0, 0, 0]"
"Sandeep Sharma","[17, 7, 21, 13, 12, 23, 17, 15, 18, 26, 20, 18, 12, 18, 9, 11, 9, 22, 5, 10, 20, 15, 20, 13, 26, 14, 14, 2, 15, 7, 8, 12, 13, 22, 13, 27, 22, 13, 10, 9, 26, 20, 10, 16, 13, 15, 14, 24, 23, 7, 17, 8, 23, 17, 9, 15, 24, 22, 17, 21, 40, 24, 22, 29, 14, 7, 25, 25, 17, 21, 21, 11, 15, 25, 30, 14, 20, 9, 12, 6, 18, 25, 24, 11, 11, 2, 3, 9, 8, 8, 11, 14]","[0, 0, 1, 0, 2, 1, 0, 0, 0, 2, 0, 2, 1, 0, 1, 0, 0, 1, 1, 0, 0, 0, 2, 0, 2, 0, 0, 0, 0, 0, 0, 0, 0, 0, 1, 0, 0, 0, 0, 0, 0, 2, 0, 0, 0, 0, 0, 0, 0, 0, 0, 0, 0, 1, 1, 0, 2, 1, 0, 1, 3, 3, 1, 3, 5, 1, 3, 0, 4, 0, 0, 1, 0, 1, 1, 0, 2, 0, 0, 0, 1, 4, 0, 0, 1, 0, 1, 0, 0, 0, 0, 0]","[18, 18, 13, 12, 12, 13, 12, 18, 18, 19, 12, 14, 13, 12, 19, 18, 18, 13, 7, 12, 12, 12, 8, 6, 19, 6, 12, 6, 12, 6, 6, 6, 12, 6, 7, 18, 18, 18, 12, 12, 18, 20, 18, 12, 12, 12, 18, 18, 12, 12, 18, 6, 12, 13, 19, 18, 19, 19, 18, 19, 20, 21, 13, 13, 18, 18, 21, 18, 20, 12, 18, 18, 12, 13, 19, 12, 14, 12, 12, 12, 18, 12, 12, 18, 7, 6, 6, 6, 18, 6, 12, 18]","[1, 1, 0, 0, 0, 0, 1, 3, 3, 0, 0, 0, 0, 0, 1, 0, 1, 1, 0, 0, 0, 1, 0, 0, 1, 0, 0, 0, 1, 0, 0, 0, 0, 0, 0, 2, 1, 2, 0, 0, 0, 1, 2, 0, 1, 0, 0, 0, 0, 2, 0, 1, 1, 0, 2, 3, 2, 1, 3, 0, 0, 1, 0, 1, 1, 1, 1, 2, 0, 0, 0, 0, 0, 0, 0, 0, 1, 1, 1, 1, 1, 0, 0, 1, 0, 0, 0, 0, 1, 0, 0, 1]"
"Shahid Afridi","[5, 11, 7, 3]","[1, 0, 0, 0]","[7, 6, 6, 6]","[1, 0, 0, 0]"
"Shakib Al Hasan","[34, 13, 4, 2, 9, 10, 26, 5, 10, 19, 12, 13, 8, 4, 13, 4, 9, 5, 11, 3, 11, 20, 8, 10, 28, 17, 7, 6, 19, 11, 5, 11, 7, 15, 9, 15, 14, 4, 15, 10, 10, 23, 3, 11]","[3, 1, 0, 0, 0, 0, 0, 0, 0, 0, 0, 0, 0, 0, 0, 1, 0, 0, 0, 0, 0, 0, 1, 0, 5, 0, 0, 0, 0, 1, 0, 0, 0, 0, 1, 0, 0, 0, 1, 0, 0, 0, 0, 0]","[18, 12, 6, 6, 6, 6, 12, 6, 6, 12, 6, 12, 6, 6, 12, 7, 6, 6, 6, 6, 6, 18, 13, 12, 12, 12, 6, 6, 18, 7, 12, 12, 12, 6, 7, 12, 6, 6, 13, 12, 6, 12, 6, 6]","[0, 0, 0, 1, 0, 0, 1, 2, 0, 0, 1, 1, 0, 0, 1, 1, 0, 0, 0, 0, 0, 1, 0, 0, 1, 0, 0, 0, 1, 0, 1, 1, 0, 0, 1, 1, 0, 0, 0, 1, 0, 1, 1, 0]"
"Shivam Mavi","[16, 13, 26, 9, 4, 6, 30, 21, 32, 12, 9, 22, 8, 8, 9]","[3, 0, 1, 0, 1, 0, 0, 1, 0, 1, 0, 1, 0, 1, 0]","[13, 6, 13, 6, 6, 6, 12, 19, 18, 12, 12, 13, 6, 13, 6]","[1, 0, 0, 0, 0, 0, 0, 0, 1, 1, 1, 0, 0, 1, 0]"
"Shoaib Ahmed","[4, 9, 24]","[0, 0, 0]","[6, 6, 6]","[1, 0, 0]"
"Shoaib Akhtar","[11, 29, 14]","[1, 1, 2]","[19, 13, 14]","[4, 1, 0]"
"Sohail Tanvir","[27, 21, 3, 4, 20, 6, 9, 21, 11, 17, 6]","[2, 2, 1, 2, 0, 3, 3, 1, 1, 4, 1]","[13, 14, 12, 14, 12, 21, 13, 13, 13, 14, 7]","[0, 1, 3, 0, 0, 2, 0, 0, 0, 0, 0]"
"Sunny Gupta","[12]","[0]","[6]","[0]"
"T Natarajan","[11, 7, 15, 1, 12, 19, 16, 12, 12, 7, 15, 5, 9, 12]","[0, 1, 0, 0, 0, 0, 2, 0, 0, 1, 1, 0, 0, 0]","[6, 13, 6, 6, 12, 12, 12, 12, 6, 12, 12, 6, 6, 6]","[0, 0, 0, 0, 1, 1, 2, 0, 0, 0, 0, 1, 0, 0]"
"T Thushara","[19, 16, 12, 13]","[1, 1, 2, 2]","[18, 13, 13, 19]","[1, 1, 0, 1]"
"TA Boult","[8, 19, 19, 18, 8, 11, 17, 26, 30, 18, 11, 19, 19, 15, 8, 9, 19, 20, 12, 1, 22, 2, 8, 23, 10, 15, 15, 21, 10, 17, 55, 5, 9, 12, 10, 16, 21, 18, 9, 24, 21, 17, 25, 13, 15, 12, 21, 16, 13]","[0, 1, 0, 0, 1, 1, 0, 0, 4, 0, 0, 1, 0, 1, 1, 2, 0, 0, 1, 0, 0, 0, 1, 0, 0, 0, 0, 0, 0, 0, 1, 1, 1, 0, 0, 0, 0, 0, 0, 0, 6, 2, 5, 2, 1, 2, 0, 1, 1]","[6, 13, 12, 12, 13, 12, 12, 18, 12, 18, 12, 12, 12, 12, 7, 13, 12, 12, 12, 6, 12, 12, 13, 12, 12, 18, 12, 12, 12, 18, 23, 19, 13, 12, 18, 12, 12, 12, 12, 18, 20, 13, 22, 13, 13, 20, 12, 6, 13]","[0, 0, 0, 0, 1, 0, 1, 1, 0, 1, 0, 0, 2, 0, 0, 0, 0, 1, 0, 0, 0, 0, 0, 0, 0, 1, 0, 0, 1, 2, 0, 3, 1, 1, 2, 1, 0, 0, 2, 2, 1, 0, 0, 0, 0, 1, 0, 0, 1]"
"TG Southee","[20, 23, 19, 16, 10, 30, 17, 12, 20, 14, 10, 33, 28, 22, 18, 20, 8, 9, 5, 15, 5, 19, 22, 21, 10, 11, 16, 13, 7, 28, 22, 12, 22, 15, 19, 21, 21, 16, 13, 6]","[1, 2, 2, 2, 1, 0, 1, 1, 1, 0, 0, 6, 6, 1, 0, 0, 1, 0, 0, 0, 0, 0, 1, 1, 0, 1, 1, 0, 1, 3, 0, 1, 0, 3, 0, 0, 1, 1, 1, 0]","[13, 14, 13, 14, 13, 18, 13, 13, 12, 6, 6, 19, 14, 13, 12, 12, 13, 6, 6, 12, 12, 12, 13, 13, 12, 13, 12, 12, 12, 20, 18, 13, 18, 14, 18, 12, 13, 12, 13, 12]","[0, 0, 1, 0, 1, 0, 1, 0, 0, 0, 0, 0, 1, 0, 0, 0, 1, 0, 0, 0, 0, 0, 2, 0, 0, 1, 2, 0, 0, 0, 0, 1, 0, 0, 1, 0, 0, 0, 1, 1]"
"TK Curran","[12, 11, 17, 6, 7, 11, 3]","[0, 0, 1, 1, 2, 0, 0]","[6, 6, 6, 7, 7, 6, 6]","[1, 0, 0, 0, 0, 0, 0]"
"TL Suman","[6]","[1]","[6]","[0]"
"TM Dilshan","[3, 8, 12, 15, 13, 11]","[0, 0, 0, 1, 0, 1]","[6, 6, 6, 13, 6, 7]","[0, 0, 0, 0, 0, 0]"
"TP Sudhindra","[20, 20]","[1, 1]","[13, 13]","[0, 0]"
"TS Mills","[13, 5, 12, 8, 20]","[3, 0, 1, 0, 6]","[13, 6, 6, 6, 14]","[0, 1, 1, 0, 1]"
"TU Deshpande","[13, 12, 11, 26]","[0, 1, 0, 1]","[12, 13, 6, 7]","[0, 1, 0, 0]"
"Tejas Baroka","[8]","[0]","[6]","[0]"
"UT Yadav","[11, 14, 17, 17, 17, 12, 12, 21, 15, 27, 26, 16, 21, 3, 15, 11, 9, 13, 18, 24, 25, 12, 15, 22, 21, 14, 13, 16, 15, 23, 26, 25, 14, 21, 23, 10, 10, 17, 22, 17, 25, 6, 11, 2, 9, 21, 8, 17, 23, 7, 4, 15, 7, 7, 13, 6, 11, 10, 8, 11, 4, 9, 13, 11, 15, 2, 13, 15, 10, 2, 10, 11, 18, 16, 8, 5, 10, 3, 18, 13, 21, 4, 22, 9, 13, 6, 14, 3, 9, 16, 17, 14, 10, 8, 27, 18, 14, 20, 6, 17, 10, 18, 6, 19, 11]","[2, 2, 0, 2, 2, 1, 0, 5, 1, 3, 4, 0, 4, 2, 0, 1, 1, 0, 0, 0, 4, 1, 1, 2, 0, 0, 0, 0, 0, 1, 0, 1, 5, 2, 0, 0, 0, 0, 2, 0, 1, 0, 3, 0, 1, 1, 0, 1, 2, 1, 2, 2, 0, 0, 0, 1, 1, 0, 1, 0, 0, 0, 0, 1, 0, 1, 0, 0, 0, 0, 0, 2, 0, 7, 0, 0, 0, 2, 1, 0, 1, 0, 2, 0, 0, 1, 0, 1, 0, 1, 1, 0, 2, 2, 2, 1, 2, 0, 0, 0, 0, 0, 0, 2, 0]","[8, 13, 6, 18, 14, 6, 6, 12, 19, 20, 12, 18, 12, 7, 18, 7, 12, 18, 18, 12, 20, 12, 13, 13, 18, 12, 12, 12, 12, 13, 18, 13, 13, 14, 18, 6, 12, 12, 14, 6, 19, 6, 7, 6, 6, 7, 6, 12, 8, 6, 6, 14, 6, 6, 6, 7, 7, 6, 7, 12, 18, 6, 12, 7, 12, 7, 6, 6, 6, 6, 6, 14, 12, 14, 6, 6, 6, 7, 13, 12, 12, 6, 13, 6, 12, 7, 12, 7, 12, 12, 12, 12, 14, 13, 19, 7, 14, 12, 6, 12, 6, 18, 6, 14, 6]","[0, 0, 0, 1, 0, 0, 0, 1, 2, 1, 0, 1, 1, 1, 3, 0, 2, 1, 1, 0, 2, 1, 0, 0, 2, 0, 1, 0, 0, 0, 0, 0, 2, 1, 1, 0, 0, 0, 1, 0, 0, 0, 0, 1, 0, 0, 0, 0, 0, 1, 0, 0, 0, 0, 0, 0, 0, 0, 0, 0, 3, 0, 0, 0, 1, 0, 0, 0, 0, 1, 0, 1, 0, 0, 0, 0, 0, 1, 0, 0, 0, 1, 0, 0, 1, 0, 1, 1, 1, 0, 1, 1, 0, 0, 0, 0, 2, 0, 0, 0, 0, 2, 0, 1, 0]"
"Umar Gul","[7, 13, 14, 0, 8]","[4, 1, 3, 0, 2]","[6, 7, 9, 6, 14]","[0, 1, 1, 2, 1]"
"V Pratap Singh","[16, 19, 20, 12, 27, 18, 18, 10]","[0, 1, 2, 1, 1, 1, 2, 0]","[18, 13, 19, 12, 12, 12, 8, 6]","[1, 0, 1, 0, 1, 0, 0, 0]"
"V Sehwag","[22, 25]","[1, 1]","[7, 7]","[0, 0]"
"V Shankar","[4, 10]","[0, 3]","[6, 5]","[0, 0]"
"VR Aaron","[3, 16, 14, 13, 13, 14, 17, 23, 9, 25, 24, 33, 5, 10, 10, 17, 11, 17, 20, 13, 0, 10, 10, 10, 9, 9, 10, 7, 17, 10, 6, 20, 24, 21, 29, 31, 5, 3, 12]","[0, 0, 1, 0, 0, 4, 0, 0, 4, 1, 2, 5, 0, 2, 0, 0, 0, 1, 0, 1, 0, 1, 0, 0, 2, 2, 1, 1, 0, 0, 0, 0, 7, 3, 0, 1, 0, 1, 0]","[6, 6, 6, 12, 6, 18, 12, 6, 6, 13, 12, 22, 12, 8, 12, 12, 12, 13, 12, 7, 6, 7, 12, 12, 8, 8, 7, 6, 12, 6, 6, 12, 15, 14, 12, 19, 6, 6, 6]","[1, 1, 0, 0, 0, 2, 0, 0, 0, 0, 0, 0, 1, 0, 1, 0, 2, 1, 1, 0, 1, 0, 0, 1, 0, 0, 0, 0, 2, 0, 0, 0, 0, 0, 0, 0, 0, 0, 0]"
"VRV Singh","[13, 5, 12, 15, 22, 12, 18, 5, 5, 5, 12, 12]","[0, 0, 0, 2, 0, 0, 1, 0, 0, 0, 0, 2]","[6, 6, 6, 8, 6, 6, 12, 6, 6, 6, 6, 7]","[0, 1, 0, 0, 0, 0, 0, 0, 0, 0, 0, 0]"
"VS Malik","[13, 13, 12, 29, 5, 5, 8, 9, 12, 14, 13, 24]","[2, 0, 1, 1, 0, 1, 0, 0, 0, 0, 0, 1]","[6, 6, 13, 19, 6, 7, 6, 6, 12, 18, 18, 13]","[0, 1, 1, 0, 0, 0, 0, 0, 0, 2, 0, 0]"
"VS Yeligati","[13]","[1]","[6]","[0]"
"VY Mahesh","[7, 25, 15, 26, 6, 13, 17, 15, 25]","[0, 2, 0, 2, 0, 0, 0, 0, 1]","[6, 14, 6, 13, 6, 12, 6, 6, 13]","[0, 1, 2, 0, 0, 0, 0, 0, 1]"
"WD Parnell","[9, 5, 27, 5, 8, 20, 20, 20, 6, 7, 7, 17, 12, 3, 7, 15, 10, 28, 16, 22, 5, 14, 10, 16, 22, 17]","[4, 0, 7, 0, 0, 1, 7, 1, 0, 0, 1, 4, 0, 0, 0, 2, 6, 11, 0, 0, 1, 2, 4, 5, 4, 0]","[6, 12, 14, 6, 12, 13, 15, 12, 6, 12, 7, 6, 12, 12, 6, 14, 14, 15, 12, 12, 7, 13, 12, 12, 15, 12]","[0, 3, 0, 0, 0, 0, 0, 0, 0, 0, 0, 0, 1, 1, 0, 0, 2, 1, 0, 0, 1, 1, 0, 0, 0, 0]"
"WPUJC Vaas","[10, 21, 32, 18, 17, 14, 20, 9, 14, 14, 18, 8, 16]","[1, 0, 0, 0, 0, 1, 1, 5, 0, 1, 0, 0, 0]","[18, 18, 18, 12, 12, 19, 13, 12, 18, 18, 18, 6, 18]","[2, 0, 1, 1, 1, 2, 1, 2, 3, 3, 0, 0, 1]"
"Washington Sundar","[13, 16, 13, 12, 19, 19, 15, 9, 6, 29, 15, 19, 14, 10, 11, 16, 8, 12, 17, 18, 11, 4, 12, 7, 12]","[4, 0, 1, 0, 1, 0, 0, 0, 0, 1, 0, 5, 0, 1, 0, 0, 0, 0, 0, 0, 0, 1, 0, 0, 1]","[14, 12, 12, 12, 12, 18, 6, 12, 12, 13, 12, 7, 6, 6, 12, 12, 6, 12, 18, 12, 12, 6, 12, 18, 7]","[0, 0, 1, 0, 2, 0, 0, 2, 0, 0, 0, 0, 0, 0, 0, 1, 0, 0, 0, 0, 2, 0, 0, 1, 0]"
"Y Nagar","[10]","[0]","[6]","[0]"
"Y Prithvi Raj","[16, 17]","[1, 0]","[7, 6]","[0, 0]"
"Y Venugopal Rao","[9, 12, 7, 3, 14, 13, 9]","[0, 0, 0, 0, 0, 0, 0]","[6, 6, 6, 6, 6, 6, 6]","[1, 0, 0, 0, 0, 0, 0]"
"YA Abdulla","[19, 20, 9, 10, 1, 0, 10, 13, 10, 11]","[1, 2, 1, 0, 1, 0, 0, 0, 0, 0]","[7, 14, 13, 12, 7, 6, 12, 6, 6, 6]","[0, 0, 2, 2, 1, 1, 1, 0, 0, 0]"
"YK Pathan","[17, 10, 15, 1, 3, 12, 10, 17, 18, 10, 13, 9, 8, 12, 12, 11, 16, 3, 15, 18, 12, 14, 6, 8, 8, 3, 1, 20, 7, 19, 15, 10, 6, 22, 4, 17]","[0, 0, 1, 0, 0, 2, 3, 0, 0, 2, 0, 0, 0, 0, 0, 0, 0, 0, 2, 2, 2, 2, 0, 0, 2, 1, 0, 2, 0, 0, 0, 1, 0, 1, 0, 0]","[6, 6, 12, 6, 6, 20, 9, 18, 18, 12, 12, 6, 6, 12, 12, 6, 12, 12, 13, 13, 8, 13, 6, 6, 7, 7, 6, 12, 6, 12, 12, 7, 6, 19, 6, 18]","[0, 2, 1, 0, 1, 0, 0, 2, 1, 1, 0, 1, 0, 1, 1, 0, 0, 0, 0, 0, 0, 0, 0, 0, 1, 1, 1, 0, 0, 0, 1, 0, 0, 0, 0, 0]"
"YS Chahal","[4, 4, 26, 12, 17, 34, 19, 12, 10, 9, 11, 0, 10, 13, 12, 5, 11, 8, 11, 6, 12, 15, 1, 16, 2, 18, 15, 6, 23, 10, 19, 12, 10, 6, 16, 17, 19, 2, 14, 11, 13, 2]","[0, 0, 1, 0, 0, 0, 4, 0, 0, 2, 0, 0, 0, 0, 0, 0, 0, 0, 0, 0, 0, 0, 1, 0, 0, 0, 0, 0, 0, 0, 0, 0, 0, 0, 1, 0, 2, 0, 2, 0, 0, 0]","[6, 6, 19, 6, 12, 12, 12, 6, 6, 13, 12, 6, 12, 12, 12, 18, 6, 6, 12, 6, 6, 6, 2, 12, 6, 6, 6, 6, 12, 6, 12, 6, 6, 6, 7, 6, 14, 6, 12, 6, 6, 6]","[0, 0, 2, 0, 0, 0, 0, 0, 0, 1, 0, 0, 2, 1, 0, 1, 0, 0, 0, 0, 0, 0, 1, 0, 1, 0, 0, 0, 1, 0, 1, 1, 0, 0, 1, 0, 0, 1, 0, 1, 1, 1]"
"Z Khan","[10, 14, 13, 14, 3, 19, 9, 21, 21, 19, 12, 19, 14, 21, 25, 32, 17, 13, 18, 22, 27, 13, 15, 23, 4, 9, 10, 12, 15, 21, 14, 5, 17, 19, 18, 6, 10, 3, 25, 14, 16, 7, 11, 22, 9, 9, 19, 19, 19, 19, 16, 20, 17, 10, 12, 10, 15, 28, 24, 16, 10, 17, 15, 15, 21, 21, 21, 2, 8, 10, 22, 12, 18, 3, 14, 14, 19, 2, 23, 12, 16, 12, 22, 14, 22, 6, 0, 22, 8, 29, 13, 40, 18, 3, 4, 5, 19, 8, 18]","[0, 0, 0, 1, 0, 2, 1, 1, 1, 1, 1, 0, 4, 1, 1, 2, 4, 1, 0, 2, 5, 0, 0, 2, 0, 0, 1, 2, 0, 1, 2, 0, 1, 0, 4, 0, 1, 1, 2, 0, 0, 0, 2, 2, 1, 0, 7, 2, 1, 2, 0, 1, 0, 2, 3, 0, 0, 1, 0, 1, 0, 1, 0, 3, 1, 3, 1, 0, 0, 2, 0, 0, 2, 0, 3, 0, 0, 0, 3, 0, 2, 0, 5, 3, 2, 0, 0, 1, 0, 0, 0, 0, 0, 0, 0, 0, 2, 0, 0]","[6, 12, 12, 18, 6, 13, 7, 18, 18, 19, 13, 12, 18, 18, 18, 12, 15, 13, 18, 13, 13, 12, 12, 13, 6, 12, 13, 14, 12, 12, 12, 12, 7, 12, 12, 6, 6, 12, 12, 12, 12, 6, 12, 13, 13, 12, 9, 19, 13, 14, 12, 19, 18, 20, 20, 6, 12, 19, 18, 12, 18, 13, 18, 14, 13, 13, 19, 12, 12, 13, 12, 12, 20, 6, 21, 18, 12, 6, 18, 12, 20, 18, 21, 15, 20, 18, 1, 13, 18, 18, 12, 18, 18, 6, 6, 12, 20, 12, 18]","[0, 2, 0, 2, 0, 0, 0, 0, 0, 2, 0, 1, 3, 1, 1, 0, 1, 1, 0, 0, 0, 1, 0, 0, 0, 0, 2, 1, 1, 0, 0, 0, 0, 1, 1, 1, 0, 2, 0, 0, 0, 0, 0, 0, 1, 0, 0, 1, 0, 1, 0, 0, 1, 2, 1, 0, 0, 1, 0, 0, 0, 0, 2, 0, 0, 0, 0, 0, 2, 1, 1, 1, 1, 2, 0, 2, 0, 0, 2, 1, 1, 2, 0, 1, 1, 1, 0, 0, 0, 1, 0, 0, 2, 1, 0, 0, 0, 0, 1]"
